Kanji Frequency Count,Unique Word Count,Kanji,Word 1,Word 2,Word 3,Word 4,Word 5,Word 6
2506938,250,人,人,人間,夫人,人々,犯人,主人
2027350,247,一,一,一つ,一緒,一番,一瞬,一方
1576679,192,見,見る,見える,見せる,見つめる,発見,見つける
1451772,93,言,言う,言葉,言える,言,一言,無言
1386317,242,出,出る,出す,出来る,思い出す,出かける,取り出す
1234655,430,子,子,子供,様子,椅子,息子,女の子
1162736,76,思,思う,思い出す,思える,思い,不思議,思わず
1156126,265,大,大,大きな,大きい,大丈夫,大変,大学
1101214,11,彼,彼,彼女,彼ら,彼等,彼方,彼女ら
1097709,217,手,手,相手,手紙,両手,勝手,右手
1093479,86,分,自分,分,分かる,気分,部分,分る
1087504,71,女,彼女,女,女性,少女,女の子,女房
1068960,189,気,気,気づく,気持ち,気持,気分,気がつく
1065323,156,中,中,連中,背中,途中,中央,中心
1016683,206,上,上,以上,上げる,上がる,立ち上がる,上る
998531,106,間,人間,時間,間,瞬間,仲間,間違い
964127,126,日,日,日本,今日,明日,昨日,毎日
927853,85,自,自分,自身,自然,自由,自ら,自信
914870,40,二,二,二つ,二度と,二月,十二月,悠二
886050,125,行,行く,行う,行動,行,旅行,行為
865674,44,何,何,何とか,何事,何故,何者,何処
864568,64,時,時,時間,時代,同時に,当時,時計
825576,79,事,事,仕事,事件,事実,刑事,返事
823411,14,私,私,私立,私服,私的,私室,私生活
803706,99,前,前,お前,名前,以前,午前,手前
800670,166,生,先生,生きる,生活,生まれる,生,人生
725662,47,来,来る,出来る,以来,やって来る,本来,未来
715987,83,方,方,一方,方法,仕方,方向,地方
686211,141,下,下,下さる,下げる,下げ,廊下,地下
684890,20,十,十,十分,十津川,十月,十一月,十二月
679623,136,本,本,日本,本当に,本当,日本人,本人
675043,123,目,目,目的,駄目,目立つ,度目,目撃
661156,74,者,者,医者,若者,患者,記者,学者
643634,78,三,三,三つ,三月,三郎,三浦,三島
634498,44,話,話,電話,話す,会話,お話,話しかける
617625,82,年,年,少年,青年,年間,年齢,今年
617525,70,知,知る,知れる,承知,知識,知らせる,知り合い
596668,131,入,入る,入れる,入口,気に入る,入り,出入り
579689,82,部,部屋,部,部分,全部,警部,部隊
568091,91,家,家,家族,家庭,作家,国家,家康
567369,147,立,立つ,立てる,立ち上がる,立派,立場,立ちあがる
556585,41,今,今,今日,今度,今夜,今回,今朝
544254,35,男,男,男性,男の子,男女,男子,男爵
539459,99,心,心,心配,安心,中心,心臓,関心
530217,29,顔,顔,笑顔,顔色,顔つき,横顔,顔面
518868,72,後,後,最後,その後,午後,後ろ,背後
504864,83,体,体,身体,死体,全体,一体,肉体
500192,137,長,長い,長,社長,信長,部長,課長
499073,162,小,小さな,小,小さい,小説,小屋,小学校
474657,142,物,物,人物,建物,動物,物語,荷物
471871,42,声,声,大声,笑い声,小声,叫び声,銃声
462939,169,合,場合,合う,合わせる,具合,試合,都合
453374,110,地,地,土地,地面,地球,地方,地上
444264,35,的,的,目的,徹底的,圧倒的,決定的,比較的
444197,76,場,場所,場,場合,立場,現場,工場
444050,38,聞,聞く,聞こえる,新聞,聞える,聞かす,言い聞かせる
442276,84,身,身,自身,身体,全身,身分,中身
439411,102,口,口,口調,入口,戸口,入り口,出口
439100,58,持,持つ,気持ち,気持,持ち出す,持ち主,持ち上げる
436135,59,会,会う,会,会社,社会,会話,機会
434229,66,屋,部屋,屋,屋敷,小屋,屋根,屋上
432012,50,度,度,今度,態度,もう一度,程度,一度
431254,68,意,意味,意識,用意,意見,注意,意外
428036,75,当,本当に,当然,当時,本当,相当,当たる
420104,63,同,同じ,同時に,同様,一同,同,同士
419025,48,感,感じる,感じ,感,感情,感覚,感謝
408575,80,先,先生,先,先輩,指先,先頭,先日
396458,70,動,動く,行動,動かす,動き,動物,運動
390355,27,少,少し,少女,少年,少ない,少なくとも,もう少し
381180,21,考,考える,考え,思考,考え方,参考,考え込む
379978,88,明,説明,明日,明るい,明らか,明治,明
373960,79,通,通り,通る,普通,通す,通じる,通う
372862,88,力,力,能力,努力,協力,魅力,権力
368004,56,向,向かう,向ける,向う,向こう,向く,方向
361250,121,不,不思議,不安,不,不幸,不可能,不意
360319,65,実,事実,実際,実は,現実,実,実に
354897,67,理,理由,理解,無理,料理,管理,心理
347279,52,死,死ぬ,死,死体,必死,死者,死亡
346127,116,無,無理,無,無い,無事,無視,無言
343367,24,五,五,五月,五郎,五つ,五教,五十嵐
335856,108,国,国,外国,中国,国家,帝国,国民
332878,80,所,所,場所,台所,事務所,近所,住所
331771,87,名,名,名前,有名,名乗る,名誉,大名
331375,185,田,金田一,田舎,田中,田,吉田,武田
329981,90,神,神,精神,神経,神社,神様,神父
328233,44,笑,笑う,笑い,微笑,笑顔,笑み,苦笑
322145,85,面,面,面白い,地面,正面,面倒,表面
317603,77,学,学校,大学,学生,学,文学,科学
315109,159,山,山,山本,沢山,秋山,山口,山田
311987,28,四,四,四月,四つ,四方,四郎,平四郎
311586,65,外,外,以外,意外,外国,外す,外出
304929,114,取,取る,取り出す,受け取る,取り戻す,取材,取り上げる
303671,84,書,書く,書,書類,秘書,書物,書斎
301589,51,近,近く,近づく,近い,最近,近所,付近
299968,80,代,時代,代,代わり,現代,代表,古代
298236,38,全,完全,全部,全く,全員,全身,全
298005,50,頭,頭,頭上,先頭,番頭,頭部,頭脳
297316,32,様,様,様子,同様,貴様,模様,神様
296531,72,月,月,五月,三月,八月,四月,カ月
296043,80,戦,戦争,戦,戦う,戦闘,作戦,戦い
292730,104,高,高い,高,高校,最高,高級,高度
292149,81,金,金,お金,金田一,金属,黄金,金色
291826,53,世,世界,世,世間,この世,世紀,世の中
291810,107,道,道,道路,道具,道場,街道,鉄道
289052,92,内,内,案内,内容,内部,内側,内心
288173,56,相,相手,相談,相,相当,相変わらず,相違
287875,129,美,美しい,美,美人,美女,美術,美由紀
286781,33,葉,言葉,葉,秋葉,葉子,紅葉,千葉
285494,36,最,最後,最初,最近,最も,最高,最大
283511,70,作,作る,作品,作業,作戦,作家,作
278783,54,足,足,満足,足音,足りる,手足,不足
271252,95,切,切る,切れる,大切,一切,親切,裏切る
271250,88,真,写真,真,真実,真剣,真似,真面目
270795,45,情,表情,情報,感情,事情,愛情,同情
267505,43,変,変わる,変える,大変,変,変る,変化
264609,56,夜,夜,今夜,昨夜,深夜,夜中,一夜
262934,69,発,発見,出発,発,爆発,発表,発す
261550,49,味,意味,興味,味,味方,趣味,味わう
261290,52,性,性,女性,性格,男性,性質,理性
260854,58,食,食べる,食う,食事,夕食,食堂,食
259896,60,然,当然,突然,自然,全然,偶然,然
259035,38,対,に対して,絶対,に対する,反対,対,対象
256976,67,主,主人,主,主義,主張,亭主,坊主
254580,64,用,用,用意,利用,信用,使用,用いる
254079,58,信,信じる,自信,信長,確信,信用,信頼
252776,42,音,音,音楽,足音,物音,発音,観音
250826,41,殺,殺す,殺人,自殺,殺し,殺害,殺る
249039,35,現,現在,現実,現れる,現われる,現場,表現
246566,73,白,白い,面白い,白,告白,青白い,白髪
245728,42,夫,夫人,夫,大丈夫,夫婦,夫妻,太夫
245723,54,車,車,馬車,電車,列車,自動車,自転車
243890,65,着,着る,着く,落ち着く,到着,着物,着
243606,31,父,父,父親,お父さん,親父,祖父,叔父
243263,10,以,以上,以外,以前,以来,以下,以後
242697,91,新,新しい,新聞,新,新た,新宿,新城
242440,33,親,母親,父親,親,両親,親父,親しい
240429,52,悪,悪い,悪魔,悪,憎悪,嫌悪,最悪
239055,19,君,君,諸君,君たち,細君,主君,姫君
237637,67,返,返す,返事,振り返る,繰り返す,返る,折り返す
237272,100,郎,郎,太郎,野郎,三郎,小次郎,次郎
236600,35,結,結婚,結果,結局,結構,結ぶ,結論
235431,53,教,教える,教,教授,教師,教会,教育
234268,36,関,関係,玄関,機関,関心,に関する,に関して
233258,47,開,開く,開ける,開始,開発,展開,見開く
232847,44,仕,仕事,仕方,仕える,仕る,仕掛ける,仕草
232819,47,連,連中,連れる,連絡,連れ,連続,連合
232453,28,歩,歩く,歩,散歩,歩む,歩み寄る,歩道
232047,56,空,空,空気,空間,空中,空く,航空
230696,75,色,色,顔色,灰色,色々,黄色い,緑色
227804,33,問,問題,質問,疑問,問う,訪問,問い
227328,125,込,込む,飛び込む,突っ込む,乗り込む,込める,巻き込む
226221,5,僕,僕,僕ら,下僕,従僕,僕達,
226081,93,引,引く,引っ張る,引きずる,引き受ける,取引,引き返す
224725,1,俺,俺,,,,,
224458,83,文,文,文字,文句,文化,文学,文章
224456,28,帰,帰る,帰り,帰国,帰宅,帰す,帰れる
222078,75,正,正しい,正直,正面,正確,正,正体
221090,108,木,木,鈴木,佐々木,木々,木村,木戸
219247,69,落,落ちる,落とす,落ち着く,落す,落ちつく,落下
218267,32,八,八,八月,八郎,八つ,八千代,八雲
215367,95,水,水,水面,清水,水平,水野,水中
214455,54,軍,軍,将軍,海軍,陸軍,軍人,軍隊
212308,118,野,野,野郎,野球,遠野,上野,野菜
212232,20,違,違う,違い,間違い,間違う,相違,間違える
211503,46,機,機,機会,機械,機関,機嫌,飛行機
211396,35,母,母,母親,お母さん,祖母,母さん,叔母
210321,31,待,待つ,期待,お待ち,招待,待機,待ち
209429,36,使,使う,使い,使用,使,使える,天使
209363,79,風,風,風呂,風景,風邪,風間,風情
206088,109,川,川,十津川,徳川,小川,石川,大川
205738,44,別,別,別に,特別,別れる,別れ,別荘
204721,43,命,命,命令,生命,命じる,運命,革命
204641,82,太,太,太郎,太陽,太い,太一,太る
202263,48,次,次,次に,次第に,次々,次第,小次郎
201181,54,光,光,光る,光景,光秀,観光,光らせる
199999,82,天,天,天井,天皇,天下,天使,天気
199820,39,数,数,無数,数える,数字,多数,人数
198919,65,重,重い,重要,重,重ねる,重大,慎重
198351,56,回,回,回る,今回,回す,回転,見回す
196886,73,直,正直,直す,直接,素直,直後,直
196202,9,六,六,六月,六つ,六本木,六郎,六蔵
195803,31,表,表情,表,表現,発表,代表,表面
194137,47,強,強い,勉強,強烈,強力,強引,強制
193966,42,多,多い,多く,多少,多分,多数,多
193200,4,誰,誰,誰か,誰彼,誰何,,
192791,31,要,必要,重要,要求,要するに,要る,要素
191447,45,点,点,傍点,時点,地点,点く,欠点
190799,41,士,博士,騎士,士,兵士,同士,武士
190539,34,社,会社,社会,社長,社,神社,社員
190392,37,電,電話,電車,電気,電灯,電子,電報
189687,72,兵,兵,兵衛,兵士,兵隊,兵器,兵力
188177,59,馬,馬,馬鹿,馬車,競馬,有馬,騎馬
187799,29,指,指,指揮,指示,指さす,指先,指す
185363,34,決,決して,決める,決まる,解決,決心,決定
184100,47,受,受ける,受け取る,受話器,受け入れる,引き受ける,受けとる
184013,24,眼,眼,眼鏡,眼前,眼差し,眼下,眼球
183280,39,好,好き,格好,好奇,好む,恰好,好意
183116,46,起,起きる,起こる,起こす,起る,起す,起き上がる
182568,31,残,残る,残す,残念,残り,残酷,生き残る
181956,8,姿,姿,姿勢,後ろ姿,容姿,うしろ姿,後姿
181116,39,王,王,王子,女王,国王,王女,王国
180876,41,調,調べる,口調,調子,調査,調べ,強調
179269,31,呼,呼ぶ,呼吸,呼びかける,呼び出す,深呼吸,呼び出し
178788,31,初,最初,初めて,初め,初,当初,初期
178171,41,解,理解,解決,解く,解放,解る,解釈
177158,51,御,御,御用,御前,制御,御座る,御殿
176456,10,七,七,七月,七つ,佐七,七瀬,七郎
175590,97,平,平,平気,平和,平凡,平均,水平
175317,94,原,原因,原,原稿,原田,藤原,吉原
174170,48,飛,飛ぶ,飛び出す,飛行機,飛ばす,飛び込む,飛
173974,40,早,早い,素早い,早速,早苗,早々,早
173020,64,流,流れる,流す,流れ,流,流行,一流
172019,18,確,確か,確認,確かめる,正確,確信,確実
172012,24,終,終わる,終る,終える,最終,終り,終了
171362,31,息,息,息子,ため息,溜息,吐息,消息
170930,58,安,不安,安心,安全,安い,安,安堵
170700,37,若,若い,若者,若,若だんな,若旦那,若林
170336,52,突,突然,突く,突っ込む,突き出す,突き,唐突
169932,49,乗,乗る,乗せる,名乗る,乗り出す,乗り込む,乗客
168220,57,定,予定,否定,決定,定める,勘定,固定
167965,60,海,海,海軍,海岸,北海道,海外,航海
166568,10,第,第,次第に,次第,第三者,第一線,第一歩
165793,40,由,理由,自由,由,美由紀,不自由,由乃
165733,32,首,首,手首,首相,首筋,首都,足首
165651,49,東,東京,東,東洋,関東,東北,東西
164492,61,村,村,中村,村上,村人,木村,村長
163639,47,愛,愛,愛す,可愛い,愛情,恋愛,愛する
162701,23,界,世界,界,視界,限界,世界中,業界
162694,22,警,警察,警部,警官,警戒,警備,警視
161792,15,答,答える,答え,返答,答,応答,問答
161705,27,字,字,文字,数字,太字,十字架,文字通り
161640,53,助,助,助ける,助かる,助け,助手,長助
161542,22,置,置く,位置,装置,処置,配置,放置
161380,39,室,室,教室,寝室,室内,病室,一室
160958,24,説,説明,小説,説,伝説,説得,説く
160132,42,半,半,半分,半ば,時半,半年,大半
159628,12,九,九,九月,九州,九郎,九つ,北九州
159133,36,語,語る,語,物語,英語,日本語,言語
157783,30,覚,覚える,感覚,覚悟,自覚,覚める,覚ます
157242,25,続,続ける,続く,連続,手続き,続き,相続
156131,12,必,必要,必ず,必死,必ずしも,必然,必殺
155917,27,想,想像,予想,思想,理想,愛想,妄想
154887,47,黒,黒い,黒,暗黒,黒人,黒髪,黒田
154146,30,朝,朝,今朝,朝鮮,朝食,朝倉,翌朝
153635,16,他,他,他人,その他,他者,他国,他方
153586,40,遠,遠い,遠く,遠坂,遠慮,永遠,遠野
153468,30,配,心配,気配,支配,配る,配置,手配
153123,39,振,振る,振り返る,振り向く,振り,振り回す,振動
152835,41,張,張る,緊張,主張,張,引っ張る,見張る
152686,21,背,背,背中,背後,背負う,背景,背筋
152077,23,両,両,両手,両親,両方,両側,両者
151786,31,記,記憶,記録,記者,記事,記す,日記
151421,29,得,得る,納得,得意,説得,心得る,得
150468,26,運,運ぶ,運転,運命,運動,運,幸運
147549,28,在,存在,現在,滞在,在る,所在,実在
146815,61,石,石,宝石,石川,大石,石段,明石
146715,59,法,方法,法,魔法,法律,法則,魔法使い
146566,28,隊,隊,部隊,艦隊,隊長,兵隊,軍隊
146395,29,視,視線,無視,視界,監視,警視,警視庁
146179,8,件,事件,件,条件,用件,無条件,物件
146000,36,員,員,全員,委員,社員,隊員,職員
145608,42,苦,苦しい,苦笑,苦労,苦痛,苦しむ,苦しみ
144793,38,化,化,変化,文化,化粧,化す,化学
144739,49,付,付き,気付く,付く,付ける,付近,付
144603,28,能,可能,能力,不可能,才能,機能,本能
143487,11,百,百,百姓,百合子,八百屋,百済,百貨店
142423,13,供,子供,提供,供,お供,供給,供述
142214,41,進,進む,進める,進,前進,進行,突進
141737,42,元,元,元気,足元,口元,地元,次元
141183,42,楽,楽しい,音楽,楽,楽しむ,楽しみ,快楽
141003,46,成,成功,完成,成長,構成,成立,成る
140678,46,業,作業,卒業,授業,職業,企業,業
139938,24,店,店,喫茶店,商店,店員,支店,店内
139533,18,始,始める,始まる,開始,始末,始め,原始
138643,28,過,過ぎる,過去,過ごす,通過,経過,過ぎ
138390,38,急,急,急ぐ,急速,救急,緊急,大急ぎ
138335,38,居,居る,芝居,居間,居,隠居,住居
138193,38,線,視線,線,無線,線路,光線,戦線
138120,14,戻,戻る,戻す,取り戻す,戻れる,引き戻す,連れ戻す
137400,33,番,一番,番,番号,番頭,番目,番組
136485,30,走,走る,走り出す,走り,暴走,小走り,走り去る
136276,35,消,消える,消す,消滅,消息,消費,消え去る
135952,34,失,失う,失礼,失敗,失望,失踪,喪失
135644,57,門,門,専門,衛門,左衛門,長門,門番
135494,37,集,集まる,集める,編集,集中,集団,集
134255,38,深,深い,深夜,深刻,深々,深川,注意深い
133814,42,形,形,人形,形式,形成,形態,形相
131691,34,撃,攻撃,撃つ,衝撃,目撃,一撃,襲撃
131680,53,衛,兵衛,衛門,左衛門,衛,近衛,護衛
131268,54,和,昭和,平和,和,大和,和穂,和哉
131204,33,伝,伝える,伝わる,手伝う,宣伝,伝説,伝
130576,39,反,反対,反応,反射,反,反省,反論
130559,31,止,止める,止まる,立ち止まる,停止,禁止,止む
128982,33,青,青年,青い,青,青白い,青ざめる,青木
128834,38,横,横,横たわる,横顔,横浜,横切る,横目
128760,63,井,天井,亀井,井上,井戸,井,白井
128480,32,赤,赤い,赤,赤ん坊,真っ赤,赤坂,赤ちゃん
128169,5,娘,娘,小娘,孫娘,一人娘,生娘,
127988,63,打,打つ,打ち明ける,舌打ち,打,打撃,打ち込む
127881,24,離,離れる,距離,離す,離婚,離れ,離
126974,71,島,島,三島,広島,島田,田島,中島
126643,26,達,達,友達,達す,達する,到達,人達
126163,17,題,問題,話題,放題,課題,題,主題
126109,39,千,千,千代,千鶴,千葉,八千代,千晶
125805,42,放,放つ,解放,放送,放す,放る,放り出す
125316,41,加,加える,加藤,参加,加わる,加,つけ加える
124939,48,火,火,火事,火星,火花,花火,火薬
124884,24,右,右,右手,左右,右側,右腕,右足
124166,20,魔,魔術,魔法,邪魔,魔,悪魔,魔力
124021,28,存,存在,存じる,ご存じ,ご存知,保存,生存
123746,37,老,老人,老,老婆,家老,長老,老女
123731,23,経,経験,神経,経つ,経済,経営,経過
123622,33,師,師,教師,医師,師匠,師団,牧師
123554,30,広,広い,広がる,広げる,広場,広告,広間
123151,54,土,土地,土,土曜日,土間,土産,土手
122896,41,追,追う,追いかける,追って,追いつく,追い出す,追放
122642,20,恐,恐怖,恐ろしい,恐れる,恐らく,恐い,恐れ
122613,45,戸,江戸,戸,戸口,井戸,木戸,戸惑う
122330,49,公,公,公園,公爵,主人公,奉公,公衆
122043,36,台,台,舞台,台所,寝台,台詞,台湾
121605,22,校,学校,高校,小学校,将校,校長,高校生
121536,28,左,左,左右,左手,左衛門,左側,左様
121174,22,奥,奥,奥さん,奥さま,奥様,奥方,奥深い
120941,21,状,状態,状況,状,白状,現状,症状
120590,9,階,階,階段,段階,階級,階下,最上階
120478,21,万,万,万一,万事,万が一,万里,万全
120431,17,態,状態,態度,事態,態勢,形態,態
120221,29,常,非常,異常,常に,日常,常識,常
120122,20,側,側,内側,両側,右側,左側,外側
120000,42,船,船,船長,宇宙船,船頭,船体,船員
119529,23,申,申す,申し上げる,申し訳,申しあげる,申,申しわけ
119466,72,吉,吉,秀吉,吉田,不吉,吉原,吉川
119290,44,断,判断,断る,油断,断言,断わる,決断
119213,33,勝,勝手,勝つ,勝,勝負,勝利,勝ち
118953,30,血,血,吸血鬼,血液,血の気,出血,血管
118486,19,京,東京,京都,京,京子,上京,京介
118112,21,判,判る,判断,評判,判事,裁判,批判
117970,43,官,官,警官,長官,士官,警察官,官僚
117070,42,寄,寄る,寄せる,近寄る,駆け寄る,年寄り,歩み寄る
116901,28,町,町,下町,町人,町内,歌舞伎町,深町
116780,38,座,座る,座,座敷,銀座,座席,即座
116503,28,果,結果,効果,果たす,果てる,果て,果たして
116444,39,花,花,花鶏,花嫁,火花,花火,梨花
115993,45,古,古い,古,古代,稽古,古墳,名古屋
115374,25,逃,逃げる,逃げ出す,逃れる,逃がす,逃亡,見逃す
114758,22,可,可能,不可能,可愛い,許可,可,不可解
114364,25,読,読む,読者,読める,読書,読み,解読
114054,11,氏,氏,源氏,彼氏,氏族,氏名,源氏物語
113614,51,有,有名,有,所有,有る,有利,有様
113409,21,活,生活,活動,活躍,復活,快活,活字
113237,38,押,押す,押さえる,押しつける,押える,押し寄せる,押し込む
113183,37,良,良い,良,不良,良心,奈良,善良
113159,36,役,役,役人,役に立つ,役目,役割,役者
113114,35,絶,絶対,絶望,絶える,絶叫,絶えず,拒絶
112939,43,利,利用,勝利,権利,利く,利益,利
112867,28,浮,浮かぶ,浮かべる,浮く,浮気,浮ぶ,浮かび上がる
112656,24,告,報告,告げる,告白,広告,忠告,被告
112080,9,係,関係,係,無関係,係長,係員,係り
111734,43,転,運転,転がる,回転,自転車,転ぶ,転じる
111560,20,段,階段,手段,段,段階,普段,値段
111306,24,客,客,お客,乗客,観客,客間,客観
111088,27,紙,手紙,紙,用紙,表紙,紙袋,紙片
111032,22,画,映画,計画,画,画面,画家,企画
111010,29,病,病院,病気,病,病人,病室,臆病
110850,26,守,守る,守,留守,見守る,守護,看守
110849,39,藤,加藤,藤,佐藤,伊藤,内藤,藤原
110148,22,鳴,鳴る,悲鳴,鳴らす,怒鳴る,鳴く,鳴き声
110120,35,寝,寝る,寝室,寝台,寝床,寝そべる,寝かせる
109581,11,胸,胸,度胸,胸元,胸中,胸騒ぎ,胸部
108783,46,抜,抜ける,抜く,抜き,抜け出す,見抜く,引き抜く
107432,31,勢,勢い,姿勢,大勢,勢,勢力,軍勢
107172,25,報,情報,報告,電報,報道,報,報酬
106644,32,望,望む,希望,絶望,望み,欲望,失望
106321,18,頼,頼む,信頼,依頼,頼り,頼る,頼み
106246,41,城,城,結城,城内,新城,城壁,城下
106025,26,貴,貴族,貴方,志貴,貴様,兄貴,貴
106020,29,応,反応,一応,応じる,応える,対応,応援
106013,23,計,計画,時計,計算,余計,設計,腕時計
105508,19,飲,飲む,飲み込む,飲み干す,飲める,飲み物,飲み屋
104798,31,品,品,作品,商品,品物,上品,製品
104603,26,住,住む,住所,住宅,住民,住人,住居
104461,20,察,警察,観察,察す,警察官,偵察,診察
104397,22,友,友人,友達,友だち,友,親友,友情
103849,23,議,不思議,会議,議論,抗議,議員,議会
103736,22,術,技術,魔術,術,芸術,手術,美術
103573,12,腕,腕,腕時計,右腕,左腕,腕組み,片腕
103495,42,佐,佐,佐藤,少佐,大佐,佐々木,佐伯
103357,28,服,服,制服,服装,衣服,洋服,服部
103350,28,静,静か,冷静,静,静寂,平静,静子
102903,33,期,期待,時期,期,期間,初期,予期
102757,27,特,特に,特別,特殊,特徴,独特,特定
102653,26,暗,暗い,暗闇,薄暗い,暗黒,暗殺,暗がり
102338,22,去,去る,過去,去年,立ち去る,消え去る,走り去る
102044,27,組,組,組む,組織,番組,組合,腕組み
101766,36,武,武器,武士,武,武蔵,武田,武装
101597,18,敵,敵,素敵,敵意,不敵,匹敵,敵対
101158,20,族,家族,貴族,族,一族,民族,種族
100692,39,路,道路,路,通路,路地,路上,線路
100075,52,西,西,西洋,西郷,東西,関西,大西
99561,45,義,主義,義,義務,正義,義理,講義
99144,31,細,細い,細かい,細める,細胞,細君,細工
99019,15,兄,兄,兄さん,兄弟,兄貴,兄ちゃん,兄妹
98874,27,送,送る,見送る,放送,輸送,送り出す,見送り
98773,10,犯,犯人,犯罪,犯す,犯行,犯,共犯
98598,10,頃,頃,近頃,日頃,今頃,年頃,頃合
98597,35,渡,渡す,渡る,見渡す,手渡す,渡辺,渡来
98559,24,都,都,都市,京都,都合,都会,沙都子
98346,22,将,将軍,将来,大将,将,将校,中将
98053,15,識,意識,知識,認識,常識,無意識,鑑識
98011,29,質,質問,性質,物質,質,本質,人質
97590,18,抱,抱く,抱える,抱きしめる,辛抱,抱きつく,抱き合う
97453,14,緒,一緒,緒,内緒,緒方,美緒,奈緒
97161,6,瞬,瞬間,一瞬,瞬く,瞬時,瞬き,瞬
96972,29,念,念,残念,観念,記念,概念,信念
96869,38,民,民,国民,市民,民族,住民,民衆
96694,27,降,降りる,降る,降ろす,以降,降下,飛び降りる
96395,37,治,政治,明治,治療,治,治る,大治
96389,38,片,片手,片,片づける,片方,片隅,破片
96152,15,耳,耳,耳元,耳打ち,聞き耳,初耳,耳たぶ
96001,31,満,満足,満ちる,不満,満,満たす,満州
95805,18,我,我々,我,我慢,怪我,我が,我ら
95024,16,影,影,影響,人影,撮影,面影,幻影
94689,28,器,器,武器,受話器,兵器,器用,食器
94447,31,論,論,結論,議論,勿論,理論,論理
94298,25,幸,幸福,不幸,幸せ,幸い,幸,幸運
93542,27,介,介,紹介,厄介,恭介,京介,竜介
92446,30,格,性格,格好,資格,人格,本格,格
91878,39,務,事務所,事務,義務,任務,勤務,刑務所
91831,30,市,市,都市,市民,市場,市内,市川
91555,5,歳,歳,歳月,歳三,万歳,千歳,
91162,15,夢,夢,夢中,悪夢,夢にも,夢想,夢見る
91035,61,松,松,松岡,松本,松尾,松平,松明
90466,7,叫,叫ぶ,叫び,叫び声,絶叫,泣き叫ぶ,雄叫び
90116,44,根,屋根,根,根拠,根本,羽根,根性
89858,19,際,実際,際,国際,交際,窓際,壁際
89830,43,北,北,北海道,北条,敗北,東北,北野
89503,39,交,交渉,交わす,交換,交通,外交,交際
89403,16,黙,黙る,沈黙,黙々と,黙り込む,押し黙る,黙りこくる
88949,37,素,素直,素早い,素,素晴らしい,素人,要素
88858,25,冷,冷たい,冷静,冷える,冷蔵庫,冷酷,冷める
88621,24,倒,倒れる,面倒,倒す,圧倒的,圧倒,転倒
88586,41,保,保つ,保護,保証,保,保険,大久保
88293,18,酒,酒,酒場,酒井,居酒屋,酒屋,ぶどう酒
87740,34,志,意志,志貴,志,同志,志摩子,志津
87217,21,予,予想,予定,予感,予言,予測,予備
87204,19,改,改,改めて,改行,改造,改める,改革
86973,13,肩,肩,肩越し,右肩,左肩,肩書き,肩ごし
86935,17,約,約束,約,契約,婚約,条約,予約
86935,13,怒,怒る,怒り,怒鳴る,激怒,憤怒,怒鳴りつける
86880,49,宮,宮,宮殿,宮廷,王宮,宮本,大宮
86164,10,傍,傍点,傍,傍ら,傍線,傍観,路傍
86026,10,妙,妙,奇妙,微妙,巧妙,神妙,妙子
85969,27,精,精神,精霊,妖精,精,精一杯,精力
85843,41,江,江戸,江,入江,近江,江原,大江
85803,18,買,買う,買い物,買える,買物,買い,買収
85793,16,院,病院,院,入院,院長,寺院,修道院
85750,8,驚,驚く,驚き,驚愕,驚かす,驚嘆,驚異
85704,18,髪,髪,髪の毛,金髪,白髪,黒髪,前髪
85668,13,婚,結婚,離婚,婚約,結婚式,新婚,再婚
85612,29,腹,腹,お腹,空腹,腹立たしい,脇腹,切腹
85548,36,売,売る,商売,売れる,販売,発売,売春
85525,28,団,団,集団,布団,師団,団体,一団
85454,33,異,異常,異様,異なる,異,異国,異変
85220,32,草,草,煙草,浅草,仕草,草薙,草原
84735,20,痛,痛い,痛み,苦痛,痛む,頭痛,痛める
84735,14,単,簡単,単純,単に,単なる,単位,単語
84655,26,熱,熱い,熱,熱心,情熱,熱中,熱気
84653,17,嫌,嫌,嫌い,機嫌,嫌う,嫌悪,不機嫌
84381,9,窓,窓,窓際,窓辺,窓口,窓ぎわ,車窓
84050,15,認,認める,確認,認識,承認,認知,認定
83998,21,肉,肉,肉体,皮肉,筋肉,肉親,牛肉
83525,32,茶,お茶,茶,喫茶店,茶碗,茶色,紅茶
83442,15,妻,妻,夫妻,稲妻,妻子,人妻,妻女
83358,11,囲,周囲,雰囲気,囲む,範囲,包囲,取り囲む
83270,3,云,云う,云,云々,,,
83134,24,隠,隠す,隠れる,隠居,隠し,隠れ,隠る
83104,17,似,似る,真似,似合う,真似る,類似,似合い
82732,19,証,証拠,証明,証言,保証,証人,証
82321,20,料,料理,資料,材料,料,給料,食料
81923,12,腰,腰,腰かける,腰掛ける,物腰,中腰,腰掛け
81868,17,悲,悲鳴,悲しい,悲しみ,悲劇,悲しむ,悲惨
81462,17,構,結構,構える,構う,構造,構成,構え
81437,18,壁,壁,城壁,壁際,壁面,外壁,白壁
81387,22,礼,失礼,礼,お礼,礼儀,一礼,無礼
81293,18,像,想像,像,映像,肖像,画像,仏像
81075,20,剣,剣,真剣,短剣,剣士,剣術,剣道
80964,25,容,内容,容易,容赦,容疑,収容,容貌
80580,7,忘,忘れる,忘れ,忘れ去る,忘却,忘れ物,置き忘れる
80405,20,限,限り,限る,限界,無限,制限,限定
80238,31,裏,裏,裏切る,脳裏,裏口,裏手,裏側
80136,29,歌,歌,歌う,歌手,歌舞伎町,歌声,歌舞伎
79573,37,伊,伊,伊藤,伊代,伊織,伊賀,伊豆
79348,19,探,探す,探偵,探る,探索,探検,探し出す
79092,33,難,難しい,困難,非難,難い,難,有難い
79019,16,建,建物,建てる,建設,建築,建,建つ
78652,30,政,政治,政府,政,政策,政権,家政
78321,16,注,注意,注ぐ,注文,注目,注,注射
78209,16,疑,疑う,疑問,疑い,容疑,疑惑,疑わしい
78054,20,席,席,座席,出席,客席,同席,欠席
77736,19,旅,旅,旅行,旅館,旅人,旅立つ,旅籠
77661,20,眠,眠る,眠り,眠れる,眠い,睡眠,催眠
77597,19,示,示す,指示,表示,暗示,展示,提示
77581,19,許,許す,許可,許,許せる,お許し,免許
77473,37,差,差し出す,差,差す,眼差し,差別,差し込む
77335,32,破,破る,破壊,破れる,破片,破滅,突破
77324,27,任,責任,任せる,任務,主任,任,担任
77007,8,奴,奴,奴隷,奴ら,奴等,彼奴,奴さん
76224,23,式,式,儀式,正式,形式,葬式,結婚式
76170,20,陽,太陽,陽,陽子,陽気,陽光,太陽系
75993,14,婦,夫婦,婦人,婦,主婦,貴婦人,娼婦
75801,24,余,余,余裕,余計,余り,余地,余る
75781,20,軽,軽い,軽蔑,軽,軽井沢,気軽,軽やか
75564,21,負,負ける,勝負,背負う,負う,負傷,負け
75543,18,敷,屋敷,座敷,敷く,敷地,風呂敷,敷居
75486,26,支,支配,支える,支度,支店,支払う,支持
74765,17,願,お願い,願う,願い,願,願望,志願
74711,15,令,命令,司令,令,指令,令嬢,軍令
74534,26,参,参る,参加,参謀,参考,持参,参照
74411,33,投,投げる,投げ出す,投げつける,投げかける,投稿,投じる
74243,21,種,種,一種,種類,人種,種族,種々
73805,13,庭,庭,家庭,中庭,庭園,校庭,裏庭
73748,22,談,相談,冗談,談,縁談,会談,雑談
73700,29,具,具合,道具,具,具体,家具,玩具
73682,3,訊,訊く,訊ねる,訊問,,,
73594,24,観,観察,観,観念,観光,観る,観客
73076,13,円,円,円形,円盤,円筒,円い,楕円
73072,21,等,等,彼等,上等,等々力,等しい,高等
72802,35,端,端,途端,先端,極端,中途半端,一端
72600,19,共,と共に,共に,共通,共,共同,共和
72553,42,谷,谷,渋谷,谷間,長谷川,小谷,四谷
72482,25,傷,傷,傷つける,傷つく,負傷,傷口,感傷
72381,31,造,構造,造,造る,造り,創造,無造作
72158,23,位,位置,位,地位,単位,王位,上位
72112,24,備,準備,警備,備える,整備,装備,予備
72027,17,仲,仲間,仲,仲良く,仲よく,仲介,仲直り
72005,27,工,工場,工事,人工,細工,工作,工夫
71994,13,途,途中,途端,途方,途切れる,途,中途半端
71917,21,護,看護,弁護士,保護,護,護衛,弁護
71839,20,刻,時刻,刻む,刻,一刻,深刻,先刻
71755,31,装,装置,服装,武装,衣装,装う,装備
71693,41,津,十津川,津,志津,津田,会津,美津子
71332,20,周,周囲,周り,周辺,周,一周,周到
70816,16,号,号,番号,信号,記号,暗号,号令
70747,26,舞,舞台,舞う,舞,見舞い,見舞う,舞踏
70561,13,微,微笑,微笑む,微妙,微か,微,微塵
70399,27,折,折る,折れる,折,折り返す,時折,折角
70399,17,類,類,人類,種類,書類,親類,衣類
70185,24,並,並ぶ,並べる,並,並み,並木,人並み
70157,36,香,香,香り,春香,香水,香港,香澄
70079,22,優,優しい,女優,優秀,優雅,優れる,優先
70073,14,再,再び,再,再会,再生,再開,再度
69954,39,久,久しぶり,永久,久,大久保,久美子,久しい
69586,19,泣,泣く,泣き声,泣き,泣きじゃくる,すすり泣く,泣き叫ぶ
69443,6,怖,恐怖,怖い,怖がる,畏怖,恐怖症,怖気
68991,31,越,越える,越す,越し,越後,乗り越える,引っ越す
68800,17,景,光景,風景,景色,景,背景,景虎
68401,19,夕,夕方,夕食,夕,夕子,夕刻,夕暮れ
68298,15,求,求める,要求,欲求,請求,追求,求婚
68211,15,例,例,例えば,例外,異例,例える,実例
68157,22,接,直接,接近,接触,接吻,接す,応接
68064,27,制,制服,制,制度,強制,制す,制御
67998,33,密,秘密,密か,密室,厳密,密,機密
67659,48,沢,沢山,沢,贅沢,軽井沢,滝沢,金沢
67589,18,殿,殿,殿下,宮殿,神殿,殿様,御殿
67569,13,刑,刑事,死刑,処刑,刑,刑務所,刑部
67365,19,与,与える,与る,与力,関与,与志,与太
67355,19,医,医者,医師,医,医学,軍医,医療
67199,45,波,波,電波,丹波,阿波,波打つ,仙波
67064,10,街,街,街道,街路,市街,街灯,街角
66728,18,怪,怪我,怪しい,怪物,奇怪,妖怪,怪
66398,20,興,興味,興奮,興,興味深い,興行,復興
66355,10,映,映画,映る,映像,映す,映し出す,反映
66267,12,争,戦争,争う,争い,競争,闘争,論争
66224,19,激,激しい,刺激,感激,急激,激突,激怒
66218,25,霊,霊,幽霊,精霊,言霊,亡霊,御霊
66114,14,局,結局,局,局長,当局,テレビ局,局面
66086,33,乱,混乱,乱暴,乱れる,乱,乱す,散乱
66005,23,喜,喜ぶ,喜び,喜,歓喜,喜劇,慶喜
65983,10,完,完全,完成,完璧,完了,完,不完全
65975,23,図,地図,合図,図,意図,図書館,指図
65864,13,写,写真,描写,写る,写す,写,写し
65799,7,困,困る,困難,困惑,貧困,困憊,困窮
65782,17,案,案内,提案,思案,案,案外,案じる
65759,14,故,事故,何故,故郷,故,故に,何故か
65754,14,閉,閉じる,閉める,閉ざす,閉まる,閉じこめる,閉鎖
65683,37,蔵,蔵,武蔵,冷蔵庫,内蔵助,土蔵,半蔵
65538,10,験,経験,体験,実験,試験,受験,修験
65514,13,危,危険,危ない,危機,危うい,危害,危惧
65476,24,辺,辺,辺り,周辺,渡辺,身辺,辺境
65235,24,商,商売,商人,商品,商店,商,商会
65225,21,星,星,惑星,火星,衛星,星野,木星
65179,32,退,退屈,退く,退る,後退,撤退,退職
65017,19,選,選ぶ,選手,選択,選挙,選,選択肢
65008,7,査,捜査,調査,巡査,検査,審査,探査
64883,29,産,財産,生産,産む,産業,産,遺産
64834,15,銀,銀,銀行,銀座,銀色,銀河,金銀
64335,12,派,立派,派,派手,派遣,一派,派閥
64206,8,昨,昨日,昨夜,昨年,一昨日,昨晩,一昨年
63884,20,秋,秋,秋葉,秋山,秋田,秋生,千秋
63880,18,程,程度,程,ある程度,過程,先程,余程
63853,17,非,非常,非,非難,是非,非情,非道
63802,16,底,底,徹底的,到底,徹底,心底,海底
63665,26,吹,吹く,吹き出す,吹き飛ばす,山吹,伊吹,吹き込む
63653,12,床,床,寝床,床の間,床屋,床下,病床
63529,23,丸,丸,丸い,弾丸,丸める,丸太,丸山
63504,19,奇,奇妙,好奇,奇怪,奇跡,奇,奇蹟
63475,24,弾,弾,弾く,爆弾,弾丸,弾む,弾ける
63421,15,処,何処,処理,処,処置,処分,此処
62873,12,恋,恋,恋人,恋愛,恋しい,恋する,失恋
62766,34,坂,坂,遠坂,大坂,赤坂,坂道,坂本
62762,29,射,反射,射る,射つ,発射,射撃,注射
62443,14,弟,弟,兄弟,弟子,子弟,門弟,義弟
62368,23,休,休む,休み,夏休み,休暇,休憩,休める
62360,15,罪,罪,犯罪,罪人,罪悪,謝罪,無罪
62285,35,南,南,南部,南方,南北,阿南,南下
61535,22,巻,巻く,巻,巻き込む,巻き,渦巻く,取り巻く
61444,24,速,速い,速度,早速,急速,高速,加速
61432,12,束,約束,束,拘束,花束,束ねる,束の間
61316,9,丈,大丈夫,丈,丈夫,頑丈,背丈,気丈
61098,14,吸,吸う,呼吸,吸血鬼,吸い込む,吸いこむ,吸収
61079,27,司,司令,司,司祭,上司,司教,寿司
61065,18,秘,秘密,秘書,神秘,秘める,秘,極秘
60769,21,角,角,方角,一角,角度,四角い,折角
60601,23,館,館,旅館,図書館,博物館,大使館,美術館
60439,29,鉄,鉄,鉄道,鉄砲,地下鉄,鋼鉄,鉄太郎
60168,15,欲,欲しい,欲望,欲,食欲,欲求,意欲
60166,8,姫,姫,高姫,姫君,姫路,黒姫,千姫
59850,28,散,散る,散歩,散らす,散らばる,飛び散る,解散
59809,9,険,危険,冒険,保険,険しい,険悪,陰険
59796,14,象,印象,現象,対象,象徴,象,抽象
59782,23,害,被害,殺害,障害,損害,妨害,害
59750,16,移,移動,移る,移す,移住,移植,移行
59737,23,宿,宿,新宿,下宿,宿る,宿屋,宿泊
59602,24,従,従う,に従って,従って,従業,従者,従来
59476,4,午,午後,午前,正午,午,,
59287,20,駆,駆ける,駆けつける,駆け寄る,駆る,駆け出す,駆逐
59262,19,雨,雨,雨戸,梅雨,雨宮,豪雨,風雨
59258,19,夏,夏,夏休み,夏枝,夏美,夏子,初夏
59222,30,毛,毛,髪の毛,毛布,毛皮,毛利,赤毛
59167,7,姉,姉,姉さん,姉妹,姉ちゃん,義姉,姉たち
59038,15,暮,暮らす,暮す,暮れる,暮らし,暮れ,暮し
58951,34,河,河,大河,銀河,河原,河岸,河野
58527,13,惑,迷惑,惑星,疑惑,困惑,戸惑う,誘惑
58466,33,尾,尾,尻尾,尾行,松尾,尾崎,尾張
58348,12,働,働く,労働,働き,働かせる,働きかける,働ける
58228,21,独,孤独,独立,独り,独身,独特,独自
58217,12,触,触れる,感触,接触,触る,触手,触れ合う
58109,15,帯,帯,携帯,帯びる,地帯,一帯,包帯
57939,23,遊,遊び,遊ぶ,遊ばす,遊女,遊戯,遊園
57734,21,権,権,権利,権力,権威,政権,特権
57551,25,雑,雑誌,複雑,雑草,混雑,雑木林,雑談
57226,12,響,響く,影響,響き,反響,鳴り響く,音響
57127,23,絵,絵,挿絵,絵画,絵本,千絵,絵里子
57000,5,昔,昔,昔話,大昔,昔ながら,今昔,
56791,19,条,条件,上条,条,北条,条約,東条
56687,25,春,春,青春,春香,春子,売春,春日
56628,23,職,職業,職,職人,職員,就職,職場
56582,28,薄,薄い,薄,薄暗い,薄れる,薄笑い,軽薄
56324,10,握,握る,握りしめる,把握,握手,握り締める,握り
55939,25,橋,橋,高橋,橋本,日本橋,大橋,桟橋
55880,24,布,布,布団,財布,毛布,由布,麻布
55844,14,雪,雪,雪子,深雪,吹雪,雪崩,正雪
55758,27,末,末,始末,粗末,結末,末期,週末
55714,14,攻,攻撃,攻める,攻め,攻略,特攻,侵攻
55553,31,羽,羽,羽根,羽織,浅羽,羽目,羽織る
55115,15,森,森,青森,森田,森林,大森,森川
54940,36,岡,松岡,岡,岡田,福岡,岡本,山岡
54668,31,寺,寺,寺院,お寺,寺尾,西園寺,小野寺
54448,21,割,割る,割,割れる,役割,割り,割合
54287,20,登,登る,登場,登,登山,登録,登校
54283,12,鹿,馬鹿,鹿,鹿児島,馬鹿げる,鹿島,馬鹿馬鹿しい
54153,3,眺,眺める,眺め,眺望,,,
54072,13,毎,毎日,毎年,毎晩,毎朝,毎,毎月
53985,25,比,比べる,比,比較,朝比奈,比較的,見比べる
53820,15,艦,艦,艦隊,艦長,戦艦,軍艦,艦橋
53813,15,犬,犬,猟犬,犬塚,子犬,野良犬,犬山
53783,25,掛,掛ける,仕掛ける,掛かる,仕掛け,出掛ける,腰掛ける
53685,33,崎,崎,長崎,山崎,井崎,尾崎,岩崎
53655,21,園,公園,園,学園,庭園,幼稚園,西園寺
53322,29,里,里,郷里,里子,万里,千里,里香
53257,26,玉,玉,玉子,目玉,玉座,お玉,児玉
53214,9,低,低い,最低,低,低下,最低限,低める
52923,15,球,地球,野球,球,地球人,眼球,琉球
52900,18,鼻,鼻,鼻先,鼻息,鼻血,鼻孔,鼻歌
52549,22,刀,刀,太刀,短刀,刀身,一刀,木刀
52499,20,払,払う,支払う,追い払う,支払い,振り払う,咳払い
52338,32,清,清,清水,清潔,清い,清美,清める
52164,8,玄,玄関,玄,信玄,玄蕃,玄人,玄真
52152,4,憶,記憶,憶える,憶測,追憶,,
51841,21,秀,秀吉,光秀,秀,優秀,秀麗,秀頼
51647,11,個,個,個人,個性,個室,個々,個所
51550,16,育,教育,育つ,育てる,育ち,体育,体育館
51476,7,訪,訪ねる,訪れる,訪問,来訪,諏訪,訪れ
51462,21,聖,聖,神聖,聖書,聖堂,聖なる,聖地
51410,9,晩,晩,今晩,毎晩,晩餐,晩年,昨晩
51373,24,照,照らす,照明,照,照れる,対照,参照
51298,11,煙,煙草,煙,煙突,煙管,煙る,喫煙
51073,19,曲,曲,曲がる,曲げる,曲る,曲者,作曲
51021,12,包,包む,包み,包囲,包帯,包丁,包み込む
50860,21,逆,逆,逆らう,逆転,逆上,反逆,逆さ
50858,26,踏,踏む,踏み込む,踏み出す,踏み入れる,舞踏,踏みこむ
50775,16,刺,刺す,刺激,名刺,突き刺さる,突き刺す,刺客
50725,30,岩,岩,岩崎,岩松,岩山,岩場,岩田
50718,21,弁,弁護士,弁当,弁,弁護,弁解,勘弁
50712,7,闇,闇,暗闇,夕闇,薄闇,闇夜,無闇
50679,11,沈,沈黙,沈む,沈める,沈没,沈痛,沈着
50548,15,房,女房,房,乳房,書房,厨房,暖房
50470,19,未,未来,未,未だ,未知,未亡人,未練
50410,24,領,領,占領,大統領,領主,領域,要領
50230,14,銃,銃,拳銃,銃声,銃口,銃弾,機銃
50185,24,弱,弱い,弱る,弱々しい,弱点,衰弱,貧弱
50071,17,衣,衣,衣服,衣装,衣裳,上衣,浴衣
50064,13,襲,襲う,襲撃,襲いかかる,空襲,奇襲,襲
50009,17,堂,堂,食堂,堂々,本堂,聖堂,堂々たる
49890,19,紀,世紀,美由紀,由紀子,紀子,早紀,紀
49802,15,英,英語,英,英雄,英国,英子,英二
49771,29,洋,西洋,洋子,洋服,東洋,太平洋,洋
49687,17,快,不快,愉快,不愉快,快い,快楽,快感
49591,7,普,普通,普段,普及,普遍,普請,普
49517,12,型,型,大型,小型,典型,模型,髪型
49499,23,焼,焼く,焼ける,焼,焼き,焼酎,日焼け
49384,19,福,幸福,福,祝福,福島,福岡,福田
49352,17,跡,跡,足跡,奇跡,遺跡,追跡,痕跡
49191,14,伸,伸ばす,伸びる,伸,伸び,伸子,欠伸
49191,12,史,歴史,史,女史,史上,悟史,史郎
48948,14,徒,生徒,徒,教徒,徒歩,信徒,使徒
48700,18,短,短い,短剣,短,短刀,短篇,短編
48635,27,骨,骨,露骨,骨董,頭蓋骨,骨折,骸骨
48364,11,捨,捨てる,見捨てる,投げ捨てる,脱ぎ捨てる,切り捨てる,言い捨てる
48356,3,枚,枚,二枚目,枚数,,,
48139,18,闘,戦闘,闘う,闘争,決闘,格闘,闘い
48136,15,昼,昼,昼間,昼食,昼休み,お昼,昼寝
48115,18,固,固い,固める,固定,固まる,頑固,断固
48040,28,極,極めて,積極,極端,極,極度,至極
47981,15,捕,逮捕,捕える,捕まる,捕虜,捕まえる,捕らえる
47960,19,演,演じる,演奏,演技,演説,演出,出演
47946,29,留,留守,留,留める,留まる,留学,留守番
47584,18,陸,陸軍,上陸,大陸,陸,着陸,陸上
47432,10,迎,迎える,歓迎,出迎える,お迎え,出迎え,迎え入れる
47197,5,捜,捜査,捜す,捜索,捜し出す,特捜,
47159,8,吐,吐く,吐き出す,吐息,吐き気,吐きだす,嘔吐
47142,11,為,行為,為,為す,無為,作為,所為
47114,17,柄,柄,小柄,事柄,人柄,大柄,手柄
47105,12,織,組織,織る,織田,伊織,羽織,羽織る
47096,24,収,収める,収容,収まる,収入,収穫,回収
46941,20,林,林,小林,若林,雑木林,森林,林檎
46933,16,亡,亡くなる,死亡,逃亡,未亡人,亡霊,亡き
46716,21,薬,薬,麻薬,火薬,薬品,弾薬,睡眠薬
46702,6,妹,妹,姉妹,兄妹,従妹,義妹,弟妹
46647,10,済,済む,経済,済ませる,済まない,済,済み
46608,9,隣,隣,隣る,隣室,隣人,隣家,近隣
46410,17,騒,騒ぎ,騒ぐ,騒動,大騒ぎ,物騒,騒がしい
46131,23,永,永遠,永久,永,永い,永井,松永
46088,20,皇,天皇,皇帝,皇,皇子,皇太子,皇后
46055,11,輝,輝く,輝,輝き,輝かしい,輝子,光り輝く
45944,9,訳,訳,申し訳,翻訳,言い訳,通訳,訳す
45943,17,労,苦労,労働,疲労,ご苦労,御苦労,労
45921,21,脱,脱ぐ,脱出,脱,脱走,離脱,脱ぎ捨てる
45795,3,涙,涙,涙ぐむ,涙声,,,
45767,10,輩,先輩,後輩,輩,我輩,吾輩,年輩
45762,16,源,源,源氏,電源,根源,資源,起源
45676,19,縁,縁,縁側,無縁,因縁,縁談,縁起
45625,5,椅,椅子,長椅子,車椅子,安楽椅子,籐椅子,
45507,22,狂,狂う,狂気,狂,狂人,熱狂,狂乱
45260,13,米,米,米国,久米,欧米,米沢,南米
45247,19,筋,筋,筋肉,背筋,首筋,一筋,血筋
45193,26,修,修理,修行,修道,修道院,修,修業
45091,27,倉,朝倉,倉庫,倉,鎌倉,倉田,小倉
45074,18,板,板,看板,甲板,黒板,鉄板,板垣
45029,10,迷,迷う,迷惑,迷い,迷路,迷信,迷宮
45012,18,儀,儀式,儀,礼儀,葬儀,お辞儀,内儀
44922,13,震,震える,震わせる,地震,震え,震動,身震い
44840,25,暴,乱暴,暴力,暴れる,暴走,暴力団,暴行
44735,11,府,政府,幕府,府,府中,甲府,駿府
44727,26,荒,荒い,荒れる,荒,荒々しい,荒野,荒木
44670,12,技,技術,技,演技,技師,競技,技巧
44588,18,印,印象,印,印刷,封印,刻印,目印
44478,6,爵,伯爵,公爵,男爵,侯爵,子爵,爵位
44387,5,叩,叩く,叩きつける,叩き,叩き込む,叩頭,
44363,8,週,週間,週刊,週,先週,週末,来週
44354,3,唇,唇,口唇,上唇,,,
44285,15,揺,揺れる,動揺,揺らす,揺する,揺る,揺れ
44259,19,鳥,鳥,小鳥,鳥居,白鳥,飛鳥,鳥肌
44215,16,列,列車,列,行列,陳列,系列,列島
44183,11,試,試合,試験,試みる,試す,試み,試し
44181,30,総,総,総理,総合,総長,総督,総裁
44050,14,宗,宗,宗教,宗家,宗像,宗春,正宗
44035,8,遅,遅い,遅れる,遅刻,遅れ,手遅れ,遅らせる
43946,13,宅,宅,自宅,住宅,帰宅,邸宅,三宅
43750,7,伯,伯爵,伯父,伯,佐伯,伯母,画伯
43628,6,廊,廊下,回廊,廊,渡り廊下,画廊,廻廊
43574,20,之,之,西之,龍之介,新之助,吉之助,雅之
43491,19,甲,甲板,甲,甲斐,甲高い,甲賀,装甲
43446,27,岸,岸,海岸,河岸,対岸,沿岸,岸辺
43433,9,皆,皆,皆さん,皆無,皆様,皆さま,皆殺し
43364,10,皮,皮,皮肉,皮膚,毛皮,羊皮紙,表皮
43258,9,巨,巨大,巨人,巨体,巨漢,巨木,巨額
43249,14,資,資料,資格,資金,資本,資産,物資
43206,20,習,練習,習慣,習う,演習,学習,風習
43107,6,描,描く,描写,思い描く,描ける,描き出す,絵描き
43080,21,遺,遺体,遺跡,遺言,遺産,遺書,遺伝子
42992,13,設,建設,施設,設計,設ける,設定,設備
42955,6,尋,尋ねる,尋常,尋問,お尋ね,尋,千尋
42895,17,雲,雲,出雲,八雲,黒雲,南雲,白雲
42829,13,竜,竜,竜介,竜太,竜宮,竜二,竜巻
42818,6,杯,杯,精一杯,一杯,乾杯,力一杯,酒杯
42791,5,駅,駅,駅前,駅員,駅長,駅舎,
42515,18,芸,芸術,芸,芸者,文芸,芸人,芸能
42380,10,吾,吾,吾が,吾輩,吾妻,慎吾,文吾
42320,25,忠,忠,忠臣,忠告,忠実,忠誠,忠義
42245,18,鬼,鬼,吸血鬼,餓鬼,鬼神,悪鬼,鬼気
42215,20,検,検査,検事,検討,点検,探検,検死
41879,26,滅,消滅,破滅,滅多,滅びる,滅ぼす,全滅
41653,12,帝,帝国,皇帝,帝,帝王,女帝,帝都
41647,21,量,量,大量,重量,器量,質量,多量
41531,13,仰,信仰,仰ぐ,仰る,仰向け,仰天,仰せる
41507,12,救,救う,救い,救急,救出,救助,救援
41426,18,科,科学,科,教科書,外科,前科,山科
41345,12,州,州,九州,長州,満州,甲州,紀州
41310,11,穴,穴,洞穴,横穴,墓穴,穴山,大穴
41174,11,鏡,鏡,眼鏡,望遠鏡,双眼鏡,鏡台,顕微鏡
41078,18,復,回復,復讐,復活,往復,復帰,報復
41043,3,宙,宇宙,宙,宇宙船,,,
40973,10,承,承知,承る,承諾,承認,伝承,継承
40935,14,境,環境,境,国境,境内,心境,境界
40849,11,邪,邪魔,風邪,無邪気,邪悪,邪,邪馬台国
40830,7,簡,簡単,書簡,簡潔,簡素,簡易,料簡
40560,5,頬,頬,頬杖,頬張る,頬骨,頬ずり,
40452,6,疲,疲れる,疲れ,疲労,お疲れさま,疲弊,疲れはてる
40403,16,祖,祖父,祖母,先祖,祖,祖先,祖国
40325,17,納,納得,納める,加納,納屋,納まる,大納言
40311,20,徳,徳,徳川,道徳,徳利,美徳,悪徳
40245,11,黄,黄金,黄,黄色い,黄色,黄昏,硫黄
40153,7,章,章,文章,紋章,勲章,章太郎,楽章
40035,31,防,防ぐ,防衛,防御,防備,消防,防止
40026,8,駄,駄目,無駄,下駄,駄,駄々,地団駄
39948,15,敗,失敗,敗北,敗戦,敗れる,腐敗,勝敗
39909,13,宇,宇宙,宇宙船,宇佐,宇野,宇津木,宇都宮
39820,18,臣,大臣,忠臣,家臣,臣,重臣,豊臣
39741,3,扉,扉,鉄扉,門扉,,,
39698,14,混,混乱,混じる,混む,混ぜる,混雑,混沌
39619,9,届,届く,届ける,見届ける,届け,届,行き届く
39556,12,博,博士,博雅,博物館,博,博多,賭博
39356,14,群,群,群れ,群衆,群がる,群集,抜群
39351,8,究,研究,研究所,究極,探究,究明,追究
39345,8,絡,連絡,絡む,絡みつく,脈絡,絡める,絡み合う
39265,15,毒,毒,気の毒,中毒,毒殺,消毒,毒物
39044,11,迫,迫る,脅迫,圧迫,迫力,切迫,緊迫
39035,9,責,責任,責める,無責任,責め,叱責,呵責
39010,7,桜,桜,桜井,桜花,桜木,桜田,桜庭
38989,6,研,研究,研究所,研,研修,研ぐ,研ぎ澄ます
38978,24,恵,恵,知恵,恵まれる,恵子,恵み,智恵
38951,22,麻,麻,麻美,麻痺,麻薬,麻子,麻雀
38926,18,屈,退屈,理屈,屈辱,窮屈,屈託,屈める
38867,8,智,智,智子,明智,智恵,智慧,美智子
38669,15,洗,洗う,洗濯,洗面,洗練,洗礼,洗い
38521,8,拠,証拠,根拠,拠点,占拠,拠る,本拠
38395,20,晴,晴,晴れる,素晴らしい,晴れ,晴らす,晴子
38341,6,箱,箱,箱根,ゴミ箱,重箱,千両箱,本箱
38284,16,盗,盗む,強盗,盗賊,盗る,盗み,盗人
38279,14,提,提案,提供,提出,提督,提灯,前提
38269,20,詰,詰める,詰まる,見詰める,詰め,追い詰める,詰る
38182,11,坊,坊,赤ん坊,坊主,坊や,坊さん,坊ちゃん
38164,10,袋,袋,手袋,紙袋,お袋,池袋,胃袋
38151,21,伏,伏せる,降伏,伏見,伏す,伏,起伏
37865,2,嘘,嘘,嘘つき,,,,
37784,28,奈,朝比奈,奈良,加奈子,奈緒,美奈子,比奈子
37780,14,輪,輪,指輪,輪郭,車輪,内輪,腕輪
37724,7,騎,騎士,騎,騎馬,騎兵,騎手,騎乗
37675,17,浅,浅い,浅見,浅草,浅井,浅野,浅羽
37645,10,基,基本,基地,基,基礎,基準,基づく
37621,13,灯,灯,電灯,提灯,灯り,街灯,灯火
37596,19,陰,陰,陰気,陰謀,陰陽,お陰,陰鬱
37573,9,那,旦那,刹那,若旦那,那須,伊那,美那子
37516,10,誘,誘う,誘拐,誘惑,誘い,誘導,勧誘
37474,16,給,給,給料,給仕,補給,給う,供給
37469,8,耕,耕,耕作,耕す,耕平,農耕,耕司
37455,17,積,積む,積極,積み上げる,積もる,面積,蓄積
37215,17,砂,砂,砂漠,砂糖,砂浜,砂利,砂丘
37173,17,児,児,幼児,孤児,鹿児島,児童,胎児
37131,19,染,染める,染まる,染,汚染,感染,馴染み
37072,7,況,状況,情況,戦況,不況,近況,実況
37070,12,抗,抵抗,抗議,対抗,反抗,抗う,抗
37010,5,翌,翌日,翌朝,翌,翌年,翌々日,
36976,8,壊,破壊,壊れる,壊す,崩壊,壊滅,倒壊
36924,12,恥,恥ずかしい,恥,恥じる,恥辱,羞恥,恥づ
36832,17,統,伝統,大統領,統一,系統,統治,統制
36743,16,練,訓練,練習,未練,練る,練,洗練
36665,17,枝,枝,夏枝,瑞枝,三枝,千枝,野枝
36574,17,節,節,季節,節子,関節,一節,使節
36494,6,昭,昭和,昭,義昭,昭子,昭二,昭夫
36441,9,額,額,金額,多額,額縁,巨額,全額
36436,14,如,如し,如何,如く,突如,如何なる,如月
36346,20,宝,宝石,宝,宝貝,宝物,財宝,重宝
36313,25,雄,英雄,雄,雄一,雄二,雄大,雄一郎
35996,5,猫,猫,子猫,猫背,野良猫,山猫,
35977,11,詩,詩,詩人,詩音,詩集,詩織,吟遊詩人
35962,14,整,整理,整える,整備,整う,調整,整然と
35859,13,脳,脳,脳裏,頭脳,首脳,脳裡,脳髄
35823,19,陣,陣,陣地,本陣,出陣,陣営,陣取る
35745,13,甘,甘い,甘える,甘粕,甘美,美甘,甘やかす
35699,13,純,単純,純粋,純,純子,純白,純一
35668,20,盛,盛,盛る,盛ん,盛り上がる,盛り,盛大
35653,9,被,被害,被告,被る,被,被疑,被せる
35616,14,衆,衆,大衆,民衆,群衆,公衆,若い衆
35518,15,増,増す,増える,増やす,増加,増,増大
35518,6,悟,覚悟,悟る,悟,悟史,悟り,大悟
35456,11,爆,爆発,爆弾,爆撃,爆破,爆音,原爆
35264,7,坐,坐る,坐りこむ,坐り,坐す,坐り込む,坐禅
35148,8,授,教授,授業,授ける,助教授,授かる,伝授
35138,13,希,希望,美希,希,亜希子,由希,真希
35092,10,句,文句,句,絶句,俳句,挙句,高句麗
35071,16,厳,厳しい,厳重,威厳,厳,厳密,厳格
35054,6,央,中央,央,奈央,未央,中央公論,中央公論社
35015,12,評,評判,評価,批評,評論,評議,評す
34936,14,便,便,郵便,便利,便所,小便,不便
34874,15,矢,矢,無理矢理,矢代,矢先,矢野,矢島
34869,10,借,借りる,借金,借り,拝借,借用,借家
34868,12,値,価値,値段,値,値する,値打ち,数値
34865,16,竹,竹,佐竹,竹内,竹中,竹田,竹刀
34852,13,荷,荷物,荷,重荷,稲荷,荷台,荷馬
34843,12,燃,燃える,燃やす,燃料,燃え上がる,燃えさかる,燃焼
34830,7,互,お互い,互いに,互い,交互,相互,互に
34828,13,級,階級,高級,級,同級生,上級,下級
34779,11,諸,諸,諸君,諸国,諸島,諸侯,諸氏
34730,10,歴,歴史,経歴,歴,履歴,歴代,遍歴
34580,18,弥,弥,弥生,一弥,弥七,弥平,弥太郎
34578,11,才,才能,才人,天才,才,秀才,才気
34554,4,嬢,嬢,お嬢さん,お嬢様,令嬢,,
34512,14,酔,酔う,酔い,酔っぱらう,酔っ払う,麻酔,陶酔
34485,17,編,編集,編,編成,編む,短編,編隊
34356,11,価,価値,評価,高価,価格,物価,株価
34182,7,準,準備,水準,基準,標準,準,照準
34081,11,監,監督,監視,監獄,監禁,総監,監察
33741,14,歯,歯,奥歯,歯ぎしり,歯車,前歯,歯切れ
33736,13,至,至る,至極,至,至急,至近,至って
33722,8,傾,傾ける,傾げる,傾く,傾向,傾斜,傾倒
33652,16,勤,勤める,勤務,勤め,出勤,転勤,通勤
33636,5,旦,旦那,一旦,若旦那,旦,元旦,
33545,16,温,温泉,温かい,温,温度,体温,気温
33525,11,述,述べる,記述,供述,前述,述懐,口述
33521,13,推,推理,推測,推定,推進,推薦,推察
33490,11,丁,丁寧,丁,丁目,丁度,包丁,丁重
33236,12,頂,頂く,頂上,頂戴,頂,頂点,山頂
33235,5,己,自己,己,利己,知己,克己,
33222,13,管,管理,管,血管,保管,管制,煙管
33169,7,到,到着,到底,到達,到る,殺到,到来
33146,14,忍,忍ぶ,忍び,忍,忍者,残忍,忍び込む
33120,9,棒,棒,泥棒,相棒,棍棒,用心棒,棒立ち
33010,16,幕,幕府,幕,天幕,幕僚,字幕,幕末
33008,10,因,原因,因縁,死因,因果,要因,因
32841,8,避,避ける,避難,回避,逃避,退避,避暑
32793,16,泊,泊まる,泊る,宿泊,泊,泊める,泊まり
32785,9,慣,慣れる,習慣,見慣れる,慣習,慣例,慣性
32785,9,及,及ぶ,及び,追及,及ぼす,普及,及川
32737,11,充,充分,充実,充満,補充,充血,充
32658,9,否,否定,否,拒否,否認,安否,否応
32639,7,功,成功,功,志功,功績,功名,功労
32621,11,各,各,各地,各国,各自,各種,各々
32616,14,紅,紅,紅茶,紅葉,紅い,真紅,口紅
32549,18,湯,湯,湯気,お湯,湯川,銭湯,湯浅
32396,14,材,取材,材料,材,人材,材木,素材
32321,11,幾,幾,幾つ,幾度,幾分,幾ら,幾重にも
32277,10,劇,劇,悲劇,劇場,演劇,喜劇,劇団
32259,12,奪,奪う,奪,奪い取る,略奪,掠奪,強奪
32246,12,勇,勇気,勇,勇敢,勇ましい,勇者,勇む
32183,13,営,経営,営業,営む,陣営,運営,大本営
31989,18,圧,圧倒的,圧力,圧迫,圧倒,威圧,圧す
31786,11,効,効果,効く,有効,効率,無効,効力
31772,13,祭,祭,祭り,司祭,祭壇,祭る,祭司
31744,9,冬,冬,冬子,真冬,美冬,冬木,冬眠
31744,2,膝,膝,膝頭,,,,
31696,9,繰,繰り返す,繰る,繰り出す,繰り返し,繰返す,繰り広げる
31625,19,華,華,豪華,華やか,中華,華奢,華麗
31564,16,砲,砲,鉄砲,大砲,砲弾,砲撃,発砲
31421,19,順,順,順番,順調,順序,順子,手順
31270,21,養,養子,教養,養う,栄養,療養,養父
31173,18,厚,厚い,分厚い,厚志,濃厚,厚子,温厚
31172,14,属,金属,所属,属する,属す,付属,配属
31171,9,課,課長,課,課題,放課後,日課,課す
31161,14,曜,日曜日,土曜日,日曜,金曜日,月曜日,水曜日
31143,15,健,健康,健一,健,健全,健在,保健
31128,14,汚,汚れる,汚い,汚す,汚れ,汚染,汚名
31102,12,除,掃除,除く,排除,解除,取り除く,除ける
30915,10,依,依頼,依る,依然として,依存,依然,依子
30781,8,録,記録,録,録音,登録,目録,収録
30745,13,郷,故郷,西郷,郷,郷里,東郷,本郷
30609,13,庫,倉庫,冷蔵庫,文庫,金庫,庫,兵庫
30500,15,飯,飯,ご飯,夕飯,御飯,昼飯,飯田
30320,6,魂,魂,霊魂,身魂,魂胆,士魂,鎮魂
30302,9,慢,我慢,自慢,傲慢,緩慢,高慢,怠慢
30214,6,魚,魚,魚雷,金魚,山椒魚,魚屋,人魚
30077,11,系,系,系統,太陽系,体系,家系,系列
30072,6,汗,汗,汗ばむ,冷や汗,脂汗,冷汗,汗だく
30046,16,欠,欠ける,欠く,欠点,欠陥,欠伸,不可欠
30042,8,寒,寒い,寒気,悪寒,寒,肌寒い,寒風
29974,27,瀬,瀬,広瀬,七瀬,瀬戸口,成瀬,瀬川
29973,3,瞳,瞳,瞳子,瞳孔,,,
29968,4,眉,眉,眉間,眉毛,眉根,,
29934,14,製,製,製品,製造,製作,木製,製薬
29864,9,崩,崩れる,崩す,崩壊,崩れ落ちる,崩,雪崩
29796,17,辞,辞める,お辞儀,世辞,辞書,辞す,辞
29784,15,威,権威,威力,威厳,威,威勢,威嚇
29762,16,善,善,善良,善行,善い,最善,善意
29743,11,区,区,区別,地区,区画,区域,区切る
29708,2,嬉,嬉しい,嬉々,,,,
29685,3,誌,雑誌,誌,日誌,,,
29642,9,致,致す,一致,致命,拉致,致命傷,合致
29619,20,杉,杉,上杉,杉山,杉本,大杉,高杉
29565,16,舎,田舎,校舎,舎,宿舎,兵舎,官舎
29509,16,沙,沙,沙都子,沙汰,沙耶,美沙,沙織
29439,14,財,財産,財布,財宝,財政,財界,財
29437,8,鋭,鋭い,鋭敏,精鋭,鋭さ,鋭利,新鋭
29432,8,隅,隅,片隅,一隅,隅田,隅々,隅田川
29395,13,仮,仮面,仮に,仮,仮定,仮説,仮名
29366,7,舌,舌,舌打ち,饒舌,弁舌,舌なめずり,舌先
29210,8,婆,老婆,婆,婆さん,お婆さん,娑婆,婆ちゃん
29199,13,裂,裂く,裂ける,引き裂く,切り裂く,分裂,破裂
29161,4,緊,緊張,緊急,緊迫,緊密,,
29131,7,衝,衝撃,衝動,衝突,衝く,衝立,衝撃波
29103,6,謝,感謝,謝る,謝罪,謝,謝礼,慰謝
29010,4,匂,匂い,匂う,匂,匂わせる,,
28931,17,富,富,富士,富む,豊富,富士山,富田
28876,16,虫,虫,昆虫,爬虫類,殺虫,弱虫,寄生虫
28870,4,鍵,鍵,合鍵,鍵盤,鍵穴,,
28834,2,頷,頷く,頷ける,,,,
28775,1,呟,呟く,,,,,
28732,20,栄,栄,栄光,光栄,栄養,繁栄,栄える
28729,13,模,模様,規模,相模,模型,模範,模倣
28725,9,呪,呪い,呪文,呪う,呪,呪術,呪縛
28724,13,麗,綺麗,麗,秀麗,麗子,華麗,麗華
28712,10,浴,浴びる,浴衣,浴びせる,浴室,入浴,浴槽
28644,6,超,超,超える,超越,超人,超す,超然
28588,10,奉,奉行,奉公,奉る,奉仕,奉公人,町奉行
28579,18,替,着替える,替える,着替え,交替,切り替える,替る
28513,9,担,担当,担ぐ,負担,担任,担う,担架
28478,10,導,指導,導く,誘導,導入,導師,先導
28474,1,噂,噂,,,,,
28369,8,展,展開,発展,展,展示,展望,進展
28288,9,協,協力,協会,妥協,協議,協定,協
28241,5,靴,靴,靴下,長靴,靴音,革靴,
28157,13,更,更に,変更,今更,更,更ける,更衣
28088,14,脇,脇,脇腹,脇差,小脇,脇浜,脇道
28079,15,敬,尊敬,敬,敬意,敬礼,失敬,敬虔
28044,6,看,看護,看板,看守,看病,看る,看破
27979,10,裕,余裕,裕生,裕子,裕福,裕,裕人
27897,11,宣,宣伝,宣言,宣告,宣,宣教師,宣る
27849,5,呂,風呂,呂,風呂敷,保呂,比呂,
27837,13,停,停止,停る,停める,停車,バス停,停車場
27837,11,憎,憎む,憎悪,憎しみ,憎い,憎らしい,憎まれる
27762,6,珍,珍しい,珍,珍重,物珍しい,珍妙,珍味
27755,19,賀,伊賀,加賀,甲賀,志賀,賀,佐賀
27736,12,泉,泉,温泉,小泉,古泉,和泉,黄泉
27685,13,補,警部補,候補,補給,補佐,補助,補う
27576,8,埋,埋める,埋まる,埋もれる,埋葬,埋め込む,埋没
27568,10,廻,廻る,廻す,廻り,見廻す,廻,廻し
27533,10,僧,僧,小僧,僧侶,僧院,尼僧,僧正
27480,8,県,県,県警,山県,県庁,県道,県内
27464,16,樹,樹,樹木,大樹,果樹,美樹,樹林
27444,15,裁,裁判,裁判所,総裁,裁判官,独裁,体裁
27273,10,慮,遠慮,考慮,配慮,遠慮ない,思慮,無遠慮
27221,13,幼,幼い,幼児,幼稚園,幼年,幼,幼少
27200,12,易,容易,貿易,易い,交易,安易,簡易
27138,13,減,減る,加減,いい加減,減らす,減少,手加減
27125,9,池,池,池田,池袋,菊池,小池,電池
27103,14,筆,筆,鉛筆,筆者,執筆,筆頭,筆跡
27035,17,規,規模,規則,規定,正規,規制,規則正しい
27006,8,鮮,朝鮮,鮮やか,新鮮,鮮明,鮮血,北朝鮮
26917,10,専,専門,専務,専用,専念,専攻,専属
26857,4,斬,斬る,斬首,斬新,斬殺,,
26612,2,机,机,机上,,,,
26596,9,肌,肌,鳥肌,肌寒い,肌着,素肌,肌身
26562,17,巡,巡査,巡る,巡礼,巡回,巡洋艦,逡巡
26562,12,露,露,露骨,披露,露出,暴露,披露宴
26472,29,彦,邦彦,和彦,武彦,山彦,文彦,友彦
26467,6,籠,籠,籠る,旅籠,燈籠,籠屋,印籠
26450,13,執,執行,執拗,執事,執着,執筆,執る
26441,13,浜,横浜,浜,砂浜,浜田,浜辺,浜松
26435,13,懐,懐,懐中,懐かしい,懐しい,懐疑,述懐
26366,8,尻,尻,尻尾,目尻,尻餅,尻目,尻もち
26341,15,挙,挙げる,選挙,一挙,挙動,挙句,検挙
26302,12,油,油,油断,石油,醤油,油絵,油紙
26292,6,藩,藩,藩主,藩士,藩邸,藩政,脱藩
26291,10,港,港,空港,香港,出港,入港,港町
26174,5,祈,祈る,祈り,祈祷,お祈り,祈願,
26112,8,悩,悩む,悩み,苦悩,悩ます,思い悩む,煩悩
26056,12,候,候,候補,天候,気候,居候,徴候
25967,12,封,封筒,封,封じる,封印,封鎖,封建
25889,5,含,含む,含める,含み笑い,含み,言い含める,
25878,2,覗,覗く,覗き,,,,
25869,9,濃,濃い,美濃,濃厚,信濃,濃密,色濃い
25852,11,率,率,率いる,率直,確率,効率,軽率
25811,8,康,健康,家康,康,康子,康臣,不健康
25778,4,距,距離,長距離,遠距離,近距離,,
25777,8,脚,脚,脚本,両脚,失脚,飛脚,三脚
25748,13,烈,強烈,猛烈,烈しい,熱烈,烈,痛烈
25702,5,炎,炎,陽炎,火炎,炎上,肺炎,
25553,13,哀,哀れ,哀しい,可哀そう,可哀想,哀願,可哀相
25489,8,呆,呆れる,呆然,呆然と,阿呆,呆気,呆け
25486,12,植,植物,植える,植民,植木,植村,移植
25401,13,仏,仏,仏教,仏像,仏壇,念仏,神仏
25393,3,狙,狙う,狙い,狙撃,,,
25350,15,航,航空,航海,航,航行,航路,航空機
25312,11,尽,尽くす,尽す,尽きる,立ち尽くす,理不尽,尽力
25300,8,載,載る,載せる,連載,掲載,記載,搭載
25257,7,臓,心臓,内臓,肝臓,臓器,腎臓,臓物
25212,10,操,操作,操縦,操る,体操,操,操舵
25144,12,臭,臭い,臭,悪臭,臭気,体臭,異臭
25141,13,適,適当,適切,快適,適す,適応,適用
25120,5,獣,獣,野獣,猛獣,怪獣,獣医,
24964,10,測,推測,予測,観測,測る,測定,憶測
24960,10,牛,牛,牛乳,牛肉,牛尾,闘牛,牛車
24915,11,聴,聴く,聴取,聴衆,盗聴,聴こえる,視聴
24852,11,策,策,政策,対策,策略,方策,得策
24807,9,亜,亜,亜由美,亜紀,亜美,亜希子,東亜
24753,5,尉,大尉,中尉,少尉,尉,准尉,
24670,7,拳,拳,拳銃,拳骨,鉄拳,拳法,拳闘
24537,9,尊,尊敬,尊い,尊,自尊心,尊重,尊大
24466,9,勘,勘,勘定,勘違い,勘弁,勘当,勘兵衛
24457,3,揮,指揮,発揮,揮う,,,
24345,5,芝,芝居,芝生,芝,東芝,芝山,
24313,16,討,討つ,検討,討伐,討死,討論,討ち取る
24312,10,飾,飾る,飾り,装飾,首飾り,着飾る,飾
24267,11,遣,派遣,遣る,遣い,小遣い,遣う,気遣う
24190,11,謀,参謀,陰謀,無謀,謀略,謀叛,謀反
24089,14,柳,柳,柳生,柳田,柳沢,青柳,柳橋
24087,8,署,署,署長,署名,部署,税務署,署員
24070,11,獄,地獄,監獄,牢獄,獄,脱獄,獄中
24006,9,墓,墓,墓地,墓石,墓場,墓穴,墓所
23978,16,算,計算,予算,算,算段,打算,清算
23925,12,費,費,費用,消費,費やす,浪費,経費
23901,9,幻,幻,幻想,幻覚,幻影,幻滅,幻聴
23833,7,辛,辛い,辛抱,辛うじて,辛,辛抱強い,辛辣
23788,4,緑,緑,緑色,緑川,新緑,,
23743,5,畳,畳,石畳,畳む,四畳半,折り畳む,
23588,11,雷,雷,魚雷,雷鳴,雷撃,地雷,落雷
23560,6,革,革命,革,改革,革新,変革,革靴
23517,1,拶,挨拶,,,,,
23517,1,挨,挨拶,,,,,
23511,15,阿,阿る,阿呆,阿部,阿南,阿波,阿良
23418,6,斎,斎,書斎,斎藤,雲斎,斎木,北斎
23369,10,障,障子,障害,故障,障る,支障,保障
23326,12,豊,豊か,豊,豊富,豊田,豊臣,豊島
23216,8,又,又,又もや,又は,又右衛門,又八,又兵衛
23121,14,略,戦略,侵略,攻略,略,省略,中略
23051,7,泥,泥,泥棒,泥沼,泥酔,泥水,泥まみれ
22983,3,努,努力,努める,努,,,
22979,13,札,札,札幌,改札,札束,表札,切り札
22950,9,凄,凄い,凄まじい,物凄い,凄惨,もの凄い,凄絶
22924,4,灰,灰色,灰,灰皿,石灰,,
22878,9,呑,呑む,呑み込む,呑みこむ,呑気,湯呑み,剣呑
22836,8,占,占める,占領,占い,独占,占拠,占
22802,5,扱,扱う,扱い,取り扱う,扱える,取り扱い,
22766,20,締,締める,握り締める,締めつける,取締役,抱き締める,引き締める
22755,12,継,継ぐ,中継,後継,受け継ぐ,継続,継承
22714,4,貰,貰う,貰える,貰,貰い,,
22711,8,踊,踊る,踊り,踊り場,踊り子,舞踊,踊
22706,1,冗,冗談,,,,,
22595,13,省,省,反省,省略,大蔵省,外務省,文部省
22590,7,了,了解,了,終了,完了,了承,魅了
22572,6,奮,興奮,昂奮,奮闘,奮戦,奮い立つ,奮発
22545,6,魅,魅力,魅,魅惑,魅せる,魅了,魅入る
22430,8,悔,後悔,悔しい,悔いる,懺悔,悔やむ,悔い
22358,4,般,一般,一般人,全般,般若,,
22312,10,貧,貧しい,貧乏,貧弱,貧乏人,貧血,貧困
22298,12,帳,帳,手帳,帳場,帳簿,蚊帳,几帳面
22276,8,乳,乳房,乳,乳母,牛乳,乳首,哺乳類
22224,9,鈴,鈴木,鈴,鈴鹿,呼び鈴,呼鈴,風鈴
22156,16,虚,虚空,虚,虚無,空虚,虚しい,虚ろ
22153,6,霧,霧,霧島,霧雨,濃霧,朝霧,霧散
22144,13,称,称す,称する,名称,自称,称,通称
22134,9,慎,慎重,慎,慎二,慎む,謹慎,不謹慎
22121,7,誠,誠,誠実,忠誠,誠意,誠に,一誠
22104,15,禁,禁止,禁じる,監禁,禁,禁物,禁制
22044,11,築,建築,築く,構築,築地,新築,改築
21990,6,狭,狭い,狭間,若狭,狭苦しい,狭まる,狭める
21976,2,筈,筈,手筈,,,,
21963,10,昇,昇る,上昇,昇,昇進,昇降,昇格
21928,4,喉,喉,咽喉,喉元,喉仏,,
21882,12,穂,和穂,穂,赤穂,秋穂,瑞穂,穂先
21870,9,釈,解釈,会釈,釈放,講釈,釈然,釈迦
21825,5,孫,孫,子孫,孫娘,公孫,孫九郎,
21791,12,即,即座,即ち,即,即死,即位,即刻
21774,10,層,一層,層,上層,大層,高層,下層
21766,7,嫁,嫁,花嫁,嫁ぐ,嫁さん,嫁入り,兄嫁
21695,6,耐,耐える,忍耐,耐えがたい,耐え難い,耐久,耐性
21618,10,潜,潜む,潜る,潜水,潜める,潜入,潜在
21534,9,裸,裸,全裸,裸体,裸足,裸身,半裸
21484,15,党,党,悪党,郎党,政党,共産党,党員
21477,4,齢,年齢,齢,高齢,老齢,,
21415,7,招,招く,招待,手招き,招き,招き入れる,招集
21413,6,督,監督,提督,総督,督,家督,督促
21410,12,換,交換,転換,換える,変換,乗り換える,言い換える
21362,10,域,地域,領域,域,区域,全域,海域
21319,4,叔,叔父,叔母,叔父さん,叔母さん,,
21244,10,澄,澄む,澄ます,香澄,佳澄,澄,澄子
21216,6,企,企業,企画,企む,企てる,企て,企図
21208,4,勉,勉強,勤勉,勉学,勉,,
21204,6,貸,貸す,貸し,貸,金貸し,賃貸,貸せる
21030,7,妖,妖精,妖怪,妖しい,妖魔,妖術,妖気
21010,6,覆,覆う,覆面,覆い,覆す,転覆,覆る
20924,3,帽,帽子,帽,烏帽子,,,
20919,10,跳,跳ぶ,跳ねる,跳躍,跳ね上がる,跳ね,飛び跳ねる
20861,7,邸,邸,邸宅,官邸,藩邸,別邸,私邸
20826,4,慌,慌てる,恐慌,慌ただしい,慌しい,,
20734,13,講,講義,講演,講師,講堂,講じる,講
20639,7,舟,舟,小舟,海舟,湯舟,助け舟,石舟
20578,5,掴,掴む,掴める,掴まる,掴まえる,鷲掴み,
20577,8,滝,滝,滝川,滝沢,鳴滝,滝田,滝子
20520,6,亀,亀井,亀,亀裂,亀山,亀吉,亀戸
20471,10,柱,柱,電柱,支柱,円柱,帆柱,柱時計
20469,12,農,農家,農民,農場,農業,農夫,農村
20456,1,紹,紹介,,,,,
20443,11,召,召す,召使,召使い,召喚,お召,召集
20388,3,亭,亭主,亭,料亭,,,
20373,6,乾,乾く,乾,乾燥,乾杯,乾かす,乾す
20213,7,銭,銭,金銭,小銭,銭湯,銭形,賽銭
20137,10,滑,滑る,滑稽,滑らか,滑走,滑り込む,滑り落ちる
20126,8,噛,噛む,噛みつく,噛みしめる,噛み締める,噛み合う,噛み殺す
20093,4,拾,拾う,拾い上げる,収拾,拾,,
20090,4,倍,倍,人一倍,安倍,倍加,,
20087,10,雅,優雅,雅子,雅,博雅,雅也,雅彦
20073,12,熊,熊,熊本,熊野,熊谷,熊田,熊楠
20055,6,訴,訴える,訴訟,訴え,起訴,告訴,控訴
20052,5,軒,軒,軒下,軒先,一軒家,梅軒,
20039,5,抵,抵抗,大抵,抵当,無抵抗,並大抵,
20018,6,侍,侍,侍女,侍従,侍る,侍臣,侍医
20000,14,祝,祝福,祝い,祝う,お祝い,祝,祝詞
19983,3,暇,暇,休暇,暇つぶし,,,
19955,7,睨,睨む,睨みつける,睨み合う,睨める,睨み,睨み付ける
19928,11,拝,礼拝,拝む,拝見,崇拝,拝,参拝
19925,9,審,不審,審査,審判,陪審,審,審問
19883,6,姓,百姓,姓,小姓,素姓,姓名,旧姓
19878,12,典,古典,典型,典子,典,辞典,英典
19837,5,龍,龍,龍太郎,龍之介,龍一,龍子,
19819,4,針,針,方針,針金,針路,,
19800,10,柔,柔らかい,柔らか,柔道,柔,柔軟,柔和
19787,8,徴,特徴,象徴,徴候,徴,徴兵,徴用
19734,13,則,規則,法則,原則,則,規則正しい,不規則
19727,10,摩,薩摩,志摩子,摩耶,摩,志摩,摩擦
19713,4,偶,偶然,偶像,配偶,土偶,,
19614,2,匹,匹,匹敵,,,,
19587,3,卿,卿,公卿,枢機卿,,,
19535,12,透,透明,透,透ける,浸透,透かす,見透かす
19486,3,撮,撮る,撮影,撮れる,,,
19480,7,糸,糸,毛糸,糸口,糸子,一糸,金糸
19478,6,弓,弓,弓子,真弓,弓矢,弓道,弓なり
19449,8,誤,誤解,誤る,誤り,誤魔化す,錯誤,誤算
19445,13,豪,豪華,豪,豪族,豪奢,豪傑,豪雨
19359,8,懸,懸命,一生懸命,懸念,懸る,懸ける,一所懸命
19357,8,溜,溜息,溜め息,溜まる,溜める,溜り,溜る
19305,9,律,法律,律子,律,旋律,規律,律儀
19257,6,携,携帯,携える,提携,携わる,連携,携行
19242,10,液,血液,液体,液,唾液,精液,体液
19234,4,蹴,蹴る,蹴飛ばす,一蹴,蹴破る,,
19167,7,浪,浪人,浪,放浪,浮浪,浪士,浪費
19166,8,徹,徹底的,徹,徹底,徹夜,徹す,冷徹
19022,12,猛,猛烈,猛,猛然と,猛獣,獰猛,勇猛
18992,2,械,機械,器械,,,,
18980,6,荘,別荘,荘,山荘,荘厳,荘重,荘園
18960,7,誇,誇り,誇る,誇張,勝ち誇る,誇らしげ,誇示
18940,5,版,出版,版,版画,初版,かわら版,
18939,7,複,複雑,複数,複製,複合,複,重複
18913,3,詳,詳しい,詳細,不詳,,,
18865,15,塚,塚,大塚,塚本,犬塚,塚原,手塚
18839,9,歓,歓迎,歓声,歓喜,歓び,歓待,歓楽
18799,7,葬,葬式,葬儀,葬る,埋葬,火葬,葬
18799,6,趣,趣味,趣,趣向,趣旨,趣き,意趣
18785,13,創,創造,創作,創る,創,創立,独創
18748,4,喋,喋る,お喋り,喋れる,喋,,
18744,3,秒,秒,秒間,秒速,,,
18743,5,蛇,蛇,大蛇,蛇口,毒蛇,蛇行,
18709,6,刃,刃,刃物,白刃,刃先,刃傷,自刃
18694,1,槍,槍,,,,,
18672,5,棚,棚,戸棚,本棚,書棚,神棚,
18646,6,拭,拭く,拭う,手拭,手拭い,払拭,拭き取る
18606,5,皿,皿,灰皿,大皿,小皿,受け皿,
18543,4,丘,丘,丘陵,砂丘,比丘尼,,
18480,10,躍,活躍,躍る,跳躍,飛躍,躍起,躍り出る
18476,8,旗,旗,旗本,旗艦,国旗,軍旗,降旗
18474,7,湖,湖,湖畔,湖水,湖面,琵琶湖,湖上
18465,6,豆,豆,伊豆,豆腐,納豆,小豆,大豆
18455,11,浦,三浦,浦,浦上,松浦,浦川,杉浦
18449,5,環,環境,環,循環,一環,環状,
18363,8,卒,卒業,卒,何卒,兵卒,卒業生,卒倒
18360,8,這,這う,這入る,這い出す,四つん這い,這いずる,腹這い
18250,5,斜,斜め,斜面,傾斜,斜,急斜面,
18217,9,酷,残酷,酷い,冷酷,苛酷,酷,過酷
18215,3,虎,虎,景虎,虎之助,,,
18181,5,濡,濡れる,濡らす,濡れ,ずぶ濡れ,びしょ濡れ,
18133,11,干,飲み干す,干す,干渉,干る,若干,欄干
18129,11,垣,垣,石垣,垣根,稲垣,人垣,板垣
18118,11,貫,貫く,貫,一貫,貫通,貫禄,綿貫
18114,4,唯,唯一,唯,唯物,唯今,,
18106,11,鶴,鶴,千鶴,真鶴,鶴田,鶴吉,鶴子
18045,7,抑,抑える,抑制,抑揚,抑圧,抑留,抑
18006,6,頑,頑張る,頑丈,頑固,頑強,頑として,頑健
17993,8,垂,垂れる,垂らす,垂直,垂,垂れ下がる,垂れ
17991,9,援,応援,援助,支援,救援,援軍,援護
17982,3,隙,隙間,隙,間隙,,,
17949,10,旧,旧,旧式,旧友,旧い,旧家,旧知
17875,7,咲,咲く,咲,美咲,咲かせる,咲子,咲き
17872,8,嘆,嘆く,感嘆,嘆息,嘆き,驚嘆,悲嘆
17820,11,往,往来,往復,往く,右往左往,右往左往,往生
17805,3,塔,塔,尖塔,砲塔,,,
17782,12,牧,牧師,牧場,牧野,牧,牧原,牧草
17716,3,偵,探偵,偵察,密偵,,,
17711,4,忙,忙しい,多忙,お忙しい,忙殺,,
17699,8,掘,掘る,発掘,掘り出す,掘り,掘り返す,掘り起こす
17667,8,涼,涼子,涼しい,涼,荒涼,涼しげ,荒涼たる
17626,9,刊,週刊,刊行,夕刊,刊,朝刊,創刊
17598,9,双,双方,双,双子,双眸,双眼鏡,双葉
17584,5,掌,掌,車掌,合掌,掌握,掌中,
17570,6,委,委員,委ねる,委細,委せる,委任,委託
17567,9,標,目標,標的,標準,標本,標識,標
17544,11,偽,偽,偽り,偽物,偽装,偽善,偽る
17534,3,狼,狼,狼狽,狼藉,,,
17397,12,乃,由乃,志乃,乃木,乃梨子,信乃,美乃
17362,7,預,預ける,預かる,預金,預る,預言,預り
17360,5,寂,寂しい,静寂,寂しげ,寂,寂寥,
17354,16,縮,恐縮,縮める,縮む,縮小,収縮,凝縮
17304,7,啓,啓,啓子,啓一郎,啓介,啓示,啓蒙
17264,12,賞,賞,受賞,鑑賞,賞金,賞賛,懸賞
17233,4,翼,翼,右翼,左翼,両翼,,
17193,9,暖,暖かい,暖炉,暖,暖房,暖簾,暖か
17148,5,蒼,蒼,蒼白,蒼い,蒼白い,鬱蒼,
17124,6,孤,孤独,孤立,孤児,孤,孤島,孤高
17069,8,綱,綱,手綱,横綱,綱吉,信綱,綱渡り
17052,8,凝,凝視,凝る,凝らす,凝縮,凝固,凝然
17010,9,焦,焦る,焦点,焦げる,焦り,焦燥,焦がす
16998,6,祐,祐,祐子,祐美,祐司,祐亨,康祐
16985,5,阪,大阪,阪神,阪,阪神銀行,阪急,
16932,4,愉,愉快,不愉快,愉しい,愉悦,,
16833,5,寸,寸前,一寸,寸,寸法,寸分,
16767,7,侵,侵入,侵略,侵攻,侵す,侵害,侵食
16759,9,縛,縛る,縛りつける,束縛,呪縛,縛,金縛り
16758,3,患,患者,患う,疾患,,,
16733,9,塗,塗る,塗り,塗,塗りつぶす,塗料,塗装
16695,6,脅,脅迫,脅す,脅かす,脅威,脅える,脅し
16693,5,洞,洞窟,洞,洞穴,空洞,洞察,
16671,5,殴,殴る,殴りつける,ぶん殴る,殴打,殴り合い,
16584,5,偉,偉い,偉大,偉業,お偉方,偉人,
16564,11,愚,愚か,愚痴,愚,愚かしい,愚か者,愚劣
16527,9,損,損,損害,損傷,損失,損ねる,損なう
16506,8,索,捜索,探索,詮索,索,検索,思索
16500,6,紫,紫,紫色,筑紫,薄紫,紫煙,紫式部
16489,11,辰,辰,辰夫,辰巳,辰吉,辰子,北辰
16472,7,戒,警戒,戒める,戒律,哨戒,戒め,戒厳
16470,6,幹,幹部,幹,新幹線,幹事,幹線,幹也
16359,8,筒,封筒,筒,円筒,筒井,水筒,竹筒
16329,11,丹,丹,丹波,伊丹,丹念,丹羽,牡丹
16298,10,俊,俊,俊助,俊夫,俊介,俊吉,俊一
16278,12,梅,梅,梅雨,梅津,梅子,小梅,塩梅
16261,1,雰,雰囲気,,,,,
16138,12,惨,悲惨,惨め,無惨,凄惨,惨劇,惨状
16089,10,奏,演奏,奏でる,奏上,奏,奏す,伴奏
16080,6,幽,幽霊,幽い,幽閉,幽か,幽鬼,幽谷
16037,1,顎,顎,,,,,
16023,9,延,延,延びる,延ばす,延長,生き延びる,延期
16012,6,沿,沿う,沿い,沿岸,沿線,沿道,海沿い
16002,5,氷,氷,氷室,氷河,氷山,氷塊,
15934,8,競,競争,競馬,競技,競う,競走,競売
15926,6,袖,袖,袖口,小袖,半袖,振袖,長袖
15902,10,仙,仙,仙台,仙人,仙波,仙吉,仙女
15870,10,伴,伴う,伴,同伴,伴奏,伴侶,お伴
15870,6,閣,閣下,内閣,閣僚,閣議,天守閣,金閣
15851,6,施,施設,施す,実施,施錠,施行,布施
15761,13,仁,仁,久仁子,仁吉,仁王立ち,御仁,仁王
15753,13,潮,潮,紅潮,新潮,風潮,血潮,新潮社
15643,5,療,治療,医療,診療,療養,療法,
15631,4,叱,叱る,叱咤,叱りつける,叱責,,
15613,6,掃,掃除,掃く,一掃,清掃,掃射,掃討
15590,3,拒,拒否,拒む,拒絶,,,
15571,3,或,或,或いは,或は,,,
15524,4,喧,喧嘩,喧騒,喧噪,喧しい,,
15478,11,渋,渋谷,渋い,渋滞,渋々,渋る,渋沢
15448,6,桐,桐,桐原,桐生,片桐,桐山,桐子
15439,5,季,季節,季,四季,年季,夏季,
15400,5,縦,縦,操縦,縦横,縦横無尽,縦隊,
15392,6,惜,惜しい,惜しむ,口惜しい,惜しみ,惜しげ,負け惜しみ
15325,7,鎖,鎖,閉鎖,封鎖,連鎖,鎖骨,鎖国
15312,6,訓,訓練,教訓,訓,訓示,訓子,特訓
15300,4,稿,原稿,投稿,稿,草稿,,
15293,6,副,副,副官,副長,副作用,副島,副将
15266,3,撫,撫でる,愛撫,撫でつける,,,
15223,8,賢,賢,賢い,賢明,賢者,賢一,賢三
15175,6,畑,畑,田畑,畑中,麦畑,高畑,小畑
15132,5,暑,暑い,蒸し暑い,避暑,暑苦しい,残暑,
15106,9,菊,菊,菊池,菊男,菊地,菊江,菊川
15097,9,著,著,著者,著作,著しい,著書,著名
15088,14,也,和也,美也子,雅也,文也,哲也,麻也子
15085,6,陥,陥る,欠陥,陥落,陥れる,陥没,陥穽
15081,4,揃,揃う,揃える,揃い,揃,,
15077,11,堀,堀,堀田,八丁堀,小堀,堀越,堀部
15074,5,穏,穏やか,平穏,不穏,穏便,安穏,
15061,12,繁,頻繁,繁栄,繁,繁華,繁殖,繁昌
15005,10,貨,金貨,貨物,銀貨,貨幣,雑貨,百貨店
14993,6,恨,恨む,恨み,恨めしい,悔恨,怨恨,遺恨
14958,9,唐,唐突,唐,唐木,唐人,荒唐無稽,唐紙
14940,8,羅,羅,伽羅,修羅場,沙羅,修羅,羅列
14935,7,慶,慶,慶喜,慶子,慶応,慶長,弁慶
14915,10,粉,粉,粉砕,粉々,火の粉,白粉,粉末
14894,8,浩,浩,浩美,浩一,浩志,浩子,浩三
14887,6,哲,哲学,哲,哲也,哲朗,変哲,哲郎
14875,8,添,添える,添う,寄り添う,添田,付き添う,巻き添え
14854,6,淡,淡い,淡々,冷淡,淡路,淡泊,淡路島
14839,7,珠,珠,真珠,珠子,真珠湾,数珠,宝珠
14795,6,紋,指紋,紋,紋章,波紋,紋付,紋様
14767,6,硬,硬い,硬直,強硬,硬貨,硬化,硬質
14732,4,漂,漂う,漂流,漂着,漂泊,,
14712,4,蓋,蓋,頭蓋骨,天蓋,頭蓋,,
14708,8,尚,和尚,尚,尚書,高尚,尚子,尚更
14680,7,卓,食卓,卓,卓上,卓子,円卓,卓越
14632,5,賊,盗賊,賊,海賊,山賊,賊軍,
14622,9,漢,漢,漢字,巨漢,痴漢,悪漢,漢文
14614,9,幅,幅,大幅,増幅,肩幅,幅広い,恰幅
14614,8,凍,凍りつく,凍る,冷凍,凍える,凍結,凍てつく
14599,7,貌,美貌,容貌,風貌,変貌,全貌,相貌
14594,7,遂,遂に,遂げる,遂行,未遂,成し遂げる,やり遂げる
14592,10,庁,警視庁,庁,本庁,官庁,政庁,警察庁
14589,7,征,征,征服,遠征,出征,征伐,征討
14575,7,駐,駐車,駐在,駐,駐屯,進駐軍,進駐
14570,4,爪,爪,爪先,橋爪,爪先立つ,,
14526,12,揚,揚げる,引き揚げる,抑揚,高揚,鷹揚,揚げ
14427,2,乙,乙女,乙,,,,
14381,10,恩,恩,恩人,恩恵,恩田,恩義,恩寵
14356,8,茂,茂,茂み,茂る,生い茂る,加茂,賀茂
14348,5,殊,特殊,殊に,殊勝,殊更,殊,
14333,4,杖,杖,頬杖,松葉杖,錫杖,,
14328,5,爺,爺さん,爺,親爺,お爺さん,老爺,
14293,9,詞,台詞,詞,歌詞,祝詞,代名詞,形容詞
14290,10,随,随分,随,随筆,随一,随行,随所
14270,9,敏,敏感,敏夫,敏捷,鋭敏,敏子,敏
14226,5,既,既に,既成,既,既存,既婚,
14220,4,鶏,花鶏,鶏,鶏肉,雄鶏,,
14209,11,沼,沼,田沼,沼田,泥沼,佐沼,沼地
14207,9,壇,祭壇,壇,花壇,仏壇,文壇,壇上
14195,8,絞,絞る,絞める,絞殺,絞り出す,絞め殺す,振り絞る
14184,3,湧,湧く,湧,湧き出る,,,
14115,7,腐,腐る,豆腐,腐敗,陳腐,腐臭,腐れ
14108,8,剥,剥く,剥ぐ,剥がす,剥き出し,剥がれる,剥げる
14080,5,就,就職,就く,就任,成就,就寝,
13989,6,梨,梨,梨花,乃梨子,高梨,山梨,花梨
13963,3,渉,交渉,干渉,渉,,,
13939,6,羊,羊,山羊,羊皮紙,羊羹,羊毛,羊歯
13888,4,誓,誓う,誓約,誓,宣誓,,
13869,6,砕,砕ける,砕く,粉砕,打ち砕く,玉砕,噛み砕く
13814,12,免,免許,免れる,御免,ご免,放免,免じる
13747,5,逢,逢う,出逢う,逢える,逢坂,逢瀬,
13727,2,翠,翡翠,翠,,,,
13695,6,賭,賭ける,賭け,賭博,賭,賭場,賭す
13691,1,謎,謎,,,,,
13690,6,誉,名誉,誉める,栄誉,不名誉,誉れ,誉
13682,9,遇,遭遇,境遇,待遇,遇う,遇,不遇
13663,9,貞,貞,義貞,貞子,童貞,貞操,不貞
13659,7,噴,噴く,噴き出す,噴水,噴出,噴射,噴火
13658,3,怯,怯える,卑怯,怯む,,,
13639,2,億,億,億劫,,,,
13634,11,童,童,児童,童子,童話,河童,童貞
13624,11,没,没頭,沈没,没す,日没,出没,没収
13619,7,飼,飼う,飼育,飼い主,鳥飼,犬飼,飼い犬
13582,2,陛,陛下,天皇陛下,,,,
13552,6,拍,拍手,拍子,拍子抜け,拍車,拍,突拍子
13532,7,骸,死骸,残骸,骸骨,骸,遺骸,亡骸
13527,7,益,利益,益,無益,益々,有益,収益
13511,7,悠,悠二,悠,悠々,悠然と,悠長,悠子
13498,8,罰,罰,処罰,罰する,刑罰,罰金,懲罰
13472,8,控,控える,控えめ,控え,控え室,控え目,控室
13471,6,綾,綾,綾子,綾乃,綾瀬,綾香,綾部
13451,4,廷,朝廷,宮廷,法廷,廷臣,,
13436,6,拡,拡大,拡がる,拡げる,拡張,拡散,拡声
13425,2,洩,洩らす,洩れる,,,,
13420,4,巳,巳,辰巳,正巳,克巳,,
13344,4,冒,冒険,冒す,冒頭,冒涜,,
13322,4,獲,獲物,獲得,獲る,捕獲,,
13319,5,巧,巧み,巧妙,巧,技巧,精巧,
13305,4,寧,丁寧,寧,寧子,寧ろ,,
13297,3,喰,喰う,喰らう,漆喰,,,
13175,8,菜,野菜,菜,菜々,菜園,山菜,白菜
13175,1,牲,犠牲,,,,,
13175,1,犠,犠牲,,,,,
13170,8,堅,堅い,堅固,堅,堅気,中堅,堅苦しい
13075,9,稲,稲妻,稲荷,稲,稲垣,稲葉,稲田
13066,7,邦,連邦,邦子,邦彦,邦,美邦,邦人
13053,9,請,要請,請求,申請,普請,請う,請け合う
13051,7,唱,唱える,合唱,詠唱,提唱,唱和,復唱
13048,7,範,範囲,師範,模範,範,規範,範疇
13040,6,孔,孔明,孔,孔子,孔雀,鼻孔,瞳孔
13030,1,嘩,喧嘩,,,,,
13029,6,肝,肝心,肝,肝臓,肝腎,肝要,度肝
12977,4,縄,縄,沖縄,縄張り,縄文,,
12798,3,稽,稽古,滑稽,荒唐無稽,,,
12797,3,嵐,嵐,五十嵐,砂嵐,,,
12782,5,胆,大胆,落胆,胆,魂胆,度胆,
12731,11,災,災難,火災,災害,災厄,災い,戦災
12723,5,癖,癖,口癖,潔癖,性癖,難癖,
12723,4,僚,同僚,官僚,幕僚,閣僚,,
12722,2,批,批判,批評,,,,
12673,6,斉,一斉,斉,斉藤,家斉,斉彬,斉木
12671,9,卑,卑怯,卑劣,卑しい,卑屈,卑弥呼,卑猥
12622,9,潔,清潔,不潔,簡潔,潔白,潔い,純潔
12612,5,泳,泳ぐ,泳ぎ,水泳,泳がせる,泳げる,
12596,6,輸,輸送,輸入,輸出,密輸,運輸,輸血
12590,10,盤,盤,円盤,基盤,地盤,鍵盤,岩盤
12583,6,恭,恭子,恭介,恭,恭しい,恭順,恭助
12577,6,催,催す,催眠,催促,開催,主催,催し
12492,1,逮,逮捕,,,,,
12467,5,朱,朱,朱鷺,朱色,朱実,朱雀,
12445,4,契,契約,契機,契り,契,,
12422,5,沖,沖,沖縄,沖田,沖山,沖合,
12391,8,棄,棄てる,放棄,破棄,廃棄,自棄,遺棄
12386,10,逸,逸らす,逸,逸す,逸話,逸脱,逸れる
12375,3,李,李,行李,李白,,,
12356,6,牢,牢,牢獄,牢屋,牢番,堅牢,座敷牢
12325,3,較,比較,比較的,較べる,,,
12302,10,症,症状,症,恐怖症,後遺症,症候群,重症
12292,7,盟,同盟,連盟,盟主,聯盟,盟約,加盟
12288,3,冊,冊,冊子,短冊,,,
12283,4,潰,潰す,潰れる,潰し,潰滅,,
12237,5,乏,貧乏,乏しい,貧乏人,欠乏,窮乏,
12212,2,駈,駈ける,駈る,,,,
12202,6,瓶,瓶,花瓶,小瓶,ビール瓶,一升瓶,鉄瓶
12188,6,炉,炉,暖炉,香炉,煖炉,囲炉裏,高炉
12185,5,歪,歪む,歪める,歪み,歪,歪曲,
12181,4,鷹,鷹,鷹野,鷹揚,三鷹,,
12169,8,採,採用,採る,採取,採集,伐採,採れる
12163,9,馴,馴れる,馴染み,馴染む,馴染,馴らす,見馴れる
12152,6,診,診察,診断,診る,診療,打診,往診
12107,5,笛,笛,口笛,汽笛,警笛,角笛,
12099,9,廃,廃墟,廃,廃止,荒廃,廃棄,廃屋
12042,3,兼,兼,兼ねる,気兼ね,,,
12039,5,摘,指摘,摘む,摘発,摘出,摘み,
12024,8,寿,寿,寿命,寿司,長寿,栄寿,寿々子
12005,7,憤,憤る,憤慨,憤怒,憤然,憤激,憤懣
11965,6,惚,惚れる,恍惚,自惚れる,見惚れる,惚ける,惚れこむ
11902,9,脈,脈,山脈,脈絡,脈打つ,動脈,静脈
11899,6,彫,彫刻,彫る,彫像,彫り,木彫り,浮き彫り
11895,3,網,網,金網,網膜,,,
11891,3,遭,遭う,遭遇,遭難,,,
11847,7,稼,稼ぐ,稼ぎ,稼業,稼げる,出稼ぎ,稼働
11817,4,圭,圭一,圭子,圭,圭介,,
11801,7,宴,宴,宴会,酒宴,披露宴,饗宴,祝宴
11781,3,呉,呉,呉れる,呉服,,,
11751,6,堪,堪える,堪る,堪忍,堪能,堪へる,堪えがたい
11746,5,喫,喫茶店,喫茶,喫煙,喫す,満喫,
11738,6,晶,水晶,千晶,晶,結晶,液晶,晶子
11727,7,架,十字架,架,架空,担架,架ける,高架
11672,7,劣,劣る,卑劣,劣等,愚劣,下劣,優劣
11653,7,狩,狩り,狩猟,狩る,狩人,狩,狩野
11598,2,涯,生涯,境涯,,,,
11593,4,漏,漏れる,漏らす,漏れ,漏る,,
11591,5,匠,師匠,内匠,匠,意匠,巨匠,
11586,5,祥,祥子,祥,吉祥寺,不祥事,発祥,
11567,1,紳,紳士,,,,,
11560,5,棟,棟,病棟,棟梁,棟方,別棟,
11528,3,枕,枕,枕元,枕許,,,
11518,5,鼓,太鼓,鼓動,鼓,鼓膜,鼓舞,
11506,1,諦,諦める,,,,,
11497,8,庄,庄,新庄,庄屋,庄助,庄吉,本庄
11495,7,睡,睡眠,睡る,睡眠薬,熟睡,昏睡,一睡
11489,2,綺,綺麗,綺,,,,
11479,6,憲,憲兵,憲,憲法,保憲,治憲,官憲
11456,7,鈍,鈍い,鈍感,鈍る,愚鈍,鈍重,鈍
11454,7,賛,賛成,賞賛,賛同,賛美,賛,賛辞
11446,7,錯,錯覚,錯乱,交錯,錯誤,錯綜,倒錯
11420,4,塊,塊,金塊,石塊,氷塊,,
11408,7,峰,峰,小峰,高峰,長峰,峰子,峰岸
11357,8,笠,笠,小笠原,笠井,笠原,三笠,編笠
11313,7,湾,湾,台湾,真珠湾,湾曲,港湾,湾岸
11279,1,翡,翡翠,,,,,
11275,2,韓,韓国,韓,,,,
11268,3,妃,妃,王妃,楊貴妃,,,
11266,3,粧,化粧,厚化粧,粧子,,,
11242,2,塀,塀,土塀,,,,
11210,12,孝,孝,藤孝,孝允,孝子,親孝行,孝夫
11193,2,崖,崖,断崖,,,,
11105,3,挑,挑戦,挑む,挑発,,,
11094,13,須,那須,高須,横須賀,須藤,蜂須賀,須賀
11091,8,寛,寛,寛大,寛容,寛永,寛子,寛ぐ
11059,11,肥,肥る,肥える,肥満,肥後,肥,肥料
11034,4,促,促す,催促,促進,督促,,
11026,7,股,股,股間,大股,太股,二股,内股
10962,5,漠,砂漠,漠然と,沙漠,漠,茫漠,
10944,6,粒,粒,粒子,大粒,素粒子,雨粒,小粒
10942,11,悦,悦子,悦び,悦ぶ,悦生,悦楽,悦
10914,4,績,成績,功績,業績,実績,,
10886,3,卵,卵,卵子,産卵,,,
10885,8,釣,釣り,釣る,釣,釣れる,釣り合い,釣り上げる
10873,3,据,据える,見据える,据わる,,,
10852,10,彩,色彩,彩る,彩,彩色,多彩,彩子
10849,4,粋,純粋,粋,生粋,無粋,,
10841,7,溶,溶ける,溶かす,溶け込む,溶解,溶岩,溶液
10736,3,鍋,鍋,真鍋,鍋島,,,
10686,10,憂,憂鬱,憂い,憂慮,憂,物憂い,杞憂
10664,5,掲,掲げる,掲載,掲示板,前掲,掲示,
10658,7,凶,凶器,凶悪,凶暴,凶,元凶,凶行
10637,3,膚,皮膚,膚,完膚,,,
10630,3,猿,猿,猿渡,猿ぐつわ,,,
10580,5,醜,醜い,醜悪,醜態,醜聞,醜女,
10566,4,痕,痕,痕跡,血痕,傷痕,,
10546,10,熟,未熟,成熟,熟睡,熟練,熟す,熟知
10520,4,恰,恰好,恰幅,恰も,不恰好,,
10499,6,序,秩序,順序,序,無秩序,序文,序列
10457,2,薇,薔薇,薔薇色,,,,
10457,2,薔,薔薇,薔薇色,,,,
10449,4,琴,琴,馬琴,竪琴,琴江,,
10406,5,辱,屈辱,侮辱,恥辱,凌辱,辱める,
10356,3,妾,妾,愛妾,妾宅,,,
10354,8,覧,ご覧,御覧,展覧,一覧,閲覧,遊覧
10278,6,桃,桃,桃子,桃色,桃山,胡桃,桃井
10270,6,渦,渦,渦巻く,渦中,渦巻,渦巻き,渦まく
10267,2,貼,貼る,貼り紙,,,,
10264,7,譲,譲る,譲歩,譲,譲治,譲り,譲渡
10205,5,絹,絹,絹見,絹川,絹子,絹糸,
10192,3,厄,厄介,災厄,厄,,,
10144,6,臨,臨時,臨む,臨終,君臨,臨床,降臨
10144,2,挟,挟む,挟まる,,,,
10122,1,誕,誕生,,,,,
10119,4,駒,駒,生駒,駒井,駒子,,
10112,6,戯,悪戯,戯れる,遊戯,戯曲,戯言,戯作
10107,4,蓮,蓮,蓮見,蓮華,紅蓮,,
10105,5,慰,慰める,慰め,慰謝,慰安,慰問,
10093,2,茜,茜,茜色,,,,
10084,4,維,維持,維新,繊維,明治維新,,
10083,4,掻,掻く,引っ掻く,掻き分ける,掻きむしる,,
10070,2,徐,徐々に,徐,,,,
10056,2,牙,牙,象牙,,,,
10035,4,贈,贈る,贈り物,贈物,贈与,,
10024,2,肯,肯く,肯定,,,,
10014,2,郡,郡,郡司,,,,
9986,6,塞,塞ぐ,要塞,塞がる,城塞,立ち塞がる,閉塞
9980,4,滞,滞在,渋滞,停滞,滞る,,
9963,3,汽,汽車,汽船,汽笛,,,
9932,5,苛,苛立つ,苛酷,苛む,苛める,苛烈,
9921,7,隆,隆,隆盛,隆起,隆志,隆光,隆夫
9919,10,壮,壮,壮大,悲壮,壮士,壮麗,壮絶
9901,2,囁,囁く,囁き,,,,
9901,1,汝,汝,,,,,
9866,8,却,却って,退却,忘却,却下,焼却,冷却
9861,5,貝,貝,宝貝,貝殻,貝塚,磯貝,
9840,2,唸,唸る,唸り,,,,
9836,9,鉢,鉢,火鉢,鉢巻,鉢植え,長火鉢,托鉢
9794,3,是,是非,是,是認,,,
9743,7,隔,隔てる,間隔,隔離,隔壁,遠隔,隔絶
9733,4,痩,痩せる,痩せこける,痩せぎす,痩身,,
9714,1,劉,劉,,,,,
9711,3,妬,嫉妬,妬む,妬く,,,
9706,6,鑑,鑑定,鑑識,鑑賞,鑑,印鑑,図鑑
9701,8,俗,風俗,俗,民俗,世俗,通俗,俗物
9698,4,苗,早苗,香苗,苗字,苗,,
9694,3,囚,囚人,囚,囚われる,,,
9678,4,侯,侯爵,侯,諸侯,王侯,,
9644,3,裾,裾,裾野,山裾,,,
9630,4,蔑,軽蔑,侮蔑,蔑む,蔑視,,
9627,4,繋,繋がる,繋ぐ,繋がり,繋げる,,
9529,4,窟,洞窟,岩窟,理窟,巣窟,,
9518,8,還,帰還,還る,生還,還元,返還,送還
9517,8,朗,朗,朗読,朗らか,哲朗,朗々,吾朗
9515,2,狐,狐,狐狸,,,,
9507,6,吊,吊る,吊るす,吊り上げる,吊す,首吊り,吊り上がる
9493,7,旋,旋回,螺旋,旋律,凱旋,旋風,斡旋
9484,2,盾,矛盾,盾,,,,
9466,1,溢,溢れる,,,,,
9460,8,栗,栗橋,栗,小栗,栗田,栗色,栗原
9451,5,曇,曇る,曇らせる,曇,曇り空,曇天,
9443,8,謙,謙造,謙信,謙遜,謙虚,謙介,謙
9431,5,瑞,瑞,瑞枝,瑞穂,瑞希,瑞恵,
9419,7,煮,煮る,煮える,煮えたぎる,煮物,煮やす,雑煮
9409,4,鎌,鎌倉,鎌,鎌田,鎌首,,
9389,5,錠,錠,手錠,錠前,錠剤,施錠,
9370,7,麦,麦,蕎麦,小麦,麦茶,小麦粉,麦畑
9366,5,嘲,嘲笑,嘲る,自嘲,嘲笑う,嘲弄,
9292,4,帆,帆,帆船,出帆,帆柱,,
9257,8,湿,湿る,湿気,湿地,湿っぽい,陰湿,湿度
9252,1,隻,隻,,,,,
9236,3,庵,庵,沢庵,草庵,,,
9210,7,漁,漁師,漁船,漁,漁る,漁夫,漁業
9210,5,旨,旨,旨い,趣旨,宗旨,主旨,
9200,4,膨,膨らむ,膨れる,膨大,膨張,,
9192,4,屍,屍,屍体,検屍,屍骸,,
9181,3,赦,容赦,赦す,赦免,,,
9151,7,献,文献,献上,献身,貢献,献立,献金
9120,3,菓,菓子,お菓子,駄菓子,,,
9095,6,融,融資,金融,融合,融通,融ける,融
9067,1,隷,奴隷,,,,,
9053,4,勧,勧める,勧誘,勧告,勧め,,
9049,9,佳,佳澄,由佳,由佳理,佳奈,佳子,佳
9025,2,畜,畜生,家畜,,,,
9018,5,附,附,附近,附く,附ける,附属,
9014,6,喚,喚く,召喚,喚声,喚起,喚ぶ,叫喚
8994,4,剤,剤,覚醒剤,錠剤,洗剤,,
8986,3,勿,勿論,勿体ない,勿体,,,
8962,5,滴,滴,一滴,滴る,水滴,点滴,
8950,3,遮,遮る,遮断,遮蔽,,,
8945,7,猟,狩猟,猟,猟師,猟犬,猟銃,猟場
8941,5,蔭,蔭,お蔭,蔭山,木蔭,日蔭,
8879,6,株,株,株式会社,株主,株式,株価,切り株
8876,5,巣,巣,蜂の巣,巣鴨,巣くう,巣窟,
8872,4,塩,塩,塩谷,塩梅,塩水,,
8846,6,稚,稚い,幼稚園,幼稚,丁稚,稚児,稚拙
8845,7,磨,磨く,播磨,磨き,達磨,須磨,磨
8831,2,嫉,嫉妬,嫉む,,,,
8810,7,緩,緩める,緩む,緩やか,緩慢,緩い,弛緩
8793,5,乞,乞食,乞う,乞い,物乞い,命乞い,
8776,1,宋,宋,,,,,
8753,6,銅,銅,青銅,銅像,銅貨,赤銅,銅鑼
8743,3,傘,傘,傘下,日傘,,,
8714,1,紐,紐,,,,,
8710,2,析,分析,解析,,,,
8698,2,鞭,鞭,鞭打つ,,,,
8666,1,讐,復讐,,,,,
8610,3,胴,胴,胴体,胴着,,,
8608,5,雀,雀,麻雀,孔雀,朱雀,雲雀,
8605,4,馳,ご馳走,馳せる,御馳走,馳走,,
8585,6,縫,縫う,縫,裁縫,縫いぐるみ,縫い,縫いつける
8584,2,班,班,班長,,,,
8562,6,凡,平凡,凡庸,凡人,凡て,非凡,凡そ
8554,3,鐘,鐘,鐘楼,早鐘,,,
8547,5,履,履く,草履,履歴,履物,上履き,
8522,7,概,概念,大概,概して,概要,気概,概ね
8516,5,糧,食糧,糧,兵糧,糧食,糧秣,
8499,5,泰,泰,泰子,安泰,泰然,泰平,
8491,4,雇,雇う,解雇,雇い主,雇用,,
8491,4,翻,翻訳,翻す,翻弄,翻る,,
8453,4,瓦,煉瓦,瓦,瓦礫,瓦解,,
8428,4,項,項,事項,項目,条項,,
8421,6,核,核,核心,結核,中核,原子核,核兵器
8406,8,芳,芳,芳子,芳枝,芳香,芳野,芳裕
8406,2,択,選択,選択肢,,,,
8399,5,朋,朋子,朋,朋輩,有朋,朋友,
8378,8,排,排除,排気,排水,排泄,排斥,排す
8355,4,唾,唾,唾液,固唾,生唾,,
8345,7,鬱,憂鬱,陰鬱,鬱陶しい,鬱蒼,鬱憤,鬱屈
8340,3,尖,尖る,尖塔,尖端,,,
8307,4,聡,聡子,聡明,聡,聡美,,
8285,3,尺,尺,尺度,尺八,,,
8283,5,拓,拓,開拓,拓海,拓也,拓く,
8239,5,符,切符,符,護符,符合,終止符,
8229,6,蒸,蒸気,蒸発,蒸す,蒸し暑い,水蒸気,蒸溜
8202,2,愕,驚愕,愕然,,,,
8185,7,籍,戸籍,籍,国籍,書籍,在籍,本籍
8168,3,伺,伺う,伺い,伺候,,,
8165,8,酸,酸素,酸,青酸,酸っぱい,炭酸,青酸カリ
8140,4,励,励ます,励む,激励,奨励,,
8121,4,辻,辻,辻山,辻褄,辻村,,
8120,3,薩,薩摩,菩薩,薩長,,,
8116,4,盆,盆,お盆,盆地,盆栽,,
8100,3,矛,矛盾,矛,矛先,,,
8097,4,髭,髭,口髭,髭面,無精髭,,
8097,1,呻,呻く,,,,,
8090,1,淋,淋しい,,,,,
8081,4,醒,醒める,覚醒,覚醒剤,醒ます,,
8052,7,紛,紛れ,紛れる,紛失,紛争,紛れ込む,気紛れ
8044,5,磯,磯,磯村,磯山,磯部,磯貝,
8041,6,欧,西欧,欧米,欧州,欧,北欧,東欧
8031,3,桂,桂,桂子,桂木,,,
8029,3,肘,肘,肘掛け,肘掛,,,
8009,4,挿,挿絵,挿入,挿す,挿話,,
7992,6,託,託す,屈託,神託,委託,嘱託,託宣
7983,4,胃,胃,胃袋,胃腸,胃液,,
7962,3,冴,冴子,冴える,冴え,,,
7961,2,駕,駕,凌駕,,,,
7933,7,粗,粗末,粗野,粗い,粗暴,粗雑,粗
7905,2,艇,艇,艦艇,,,,
7889,1,辿,辿る,,,,,
7886,1,珀,琥珀,,,,,
7886,1,琥,琥珀,,,,,
7812,4,券,券,証券,馬券,旅券,,
7810,4,把,把握,把,把手,大雑把,,
7808,6,昂,昂奮,昂,激昂,昂る,昂然,昂揚
7787,1,鞄,鞄,,,,,
7780,7,炭,炭,石炭,炭素,炭酸,炭火,炭鉱
7755,4,膳,膳,大膳,お膳立て,主膳,,
7709,5,薙,草薙,薙,薙ぐ,薙刀,薙ぎ払う,
7704,5,均,平均,均衡,均,均整,均等,
7700,5,蘇,蘇る,蘇,蘇生,蘇我,阿蘇,
7692,5,眩,眩しい,眩暈,眩い,眩む,目眩,
7689,3,拙,拙者,拙い,稚拙,,,
7669,4,蝶,蝶,胡蝶,蝶番,蝶々,,
7663,5,衰,衰える,衰弱,衰退,衰え,老衰,
7660,2,捉,捉える,捕捉,,,,
7637,1,壺,壺,,,,,
7636,6,刷,印刷,刷,刷り,刷る,刷毛,印刷所
7624,3,缶,缶,缶詰,空き缶,,,
7601,3,閃,閃光,閃く,一閃,,,
7584,5,咳,咳,咳払い,咳き込む,咳ばらい,咳きこむ,
7576,5,敢,勇敢,敢えて,果敢,敢行,取り敢えず,
7567,7,葛,葛,葛藤,葛木,葛西,葛城,葛葉
7553,3,汁,汁,味噌汁,汁粉,,,
7548,2,蝋,蝋燭,蝋,,,,
7481,5,陳,陳,陳列,陳述,陳腐,陳情,
7481,2,胞,細胞,同胞,,,,
7455,3,襟,襟,襟首,襟元,,,
7447,4,泡,泡,泡立つ,水泡,水の泡,,
7433,4,綿,綿,木綿,綿密,綿貫,,
7371,5,怨,怨霊,怨み,怨む,怨念,怨恨,
7356,4,巾,頭巾,雑巾,巾,巾着,,
7329,7,鎮,鎮める,鎮まる,鎮座,鎮圧,鎮守,鎮静
7318,7,窮,窮屈,窮地,窮,困窮,窮乏,窮状
7311,6,慈,慈悲,無慈悲,慈善,慈愛,仁慈,慈しむ
7302,3,軌,軌道,軌跡,常軌,,,
7282,3,零,零,零れる,零す,,,
7282,2,吻,接吻,口吻,,,,
7278,3,哉,和哉,直哉,達哉,,,
7260,5,鍛,鍛える,鍛冶,鍛錬,鍛冶屋,鍛練,
7259,1,皺,皺,,,,,
7236,7,枯,枯れる,枯葉,枯木,枯れ葉,枯れ木,枯らす
7222,5,浸,浸る,浸す,浸透,浸かる,浸水,
7184,4,径,直径,口径,小径,半径,,
7183,3,嗅,嗅ぐ,嗅ぎつける,嗅覚,,,
7179,1,戚,親戚,,,,,
7153,4,倫,不倫,倫理,倫子,倫,,
7153,2,豚,豚,豚肉,,,,
7151,5,拘,拘束,拘る,拘置,拘わる,拘留,
7151,3,厭,厭,厭う,厭味,,,
7093,2,艶,艶,妖艶,,,,
7087,6,税,税,税金,税関,主税,税務署,印税
7086,5,飢,飢える,飢え,飢餓,飢饉,飢え死に,
7065,6,嘉,嘉助,嘉,嘉納,嘉平,嘉兵衛,比嘉
7044,6,償,代償,償う,賠償,補償,無償,弁償
7039,5,臆,臆病,臆病者,臆,臆測,臆面,
7037,4,罵,罵る,罵倒,罵声,罵詈,,
7014,6,怠,怠る,怠惰,倦怠,怠ける,怠け者,怠慢
7012,6,痴,愚痴,白痴,痴漢,痴呆,音痴,愚痴る
7008,7,克,克子,克服,克彦,克明,克,克己
6971,1,迄,迄,,,,,
6968,7,昌,昌,繁昌,昌子,昌代,昌幸,昌吉
6958,4,唄,唄,唄う,小唄,鼻唄,,
6950,5,脂,脂,脂肪,脂汗,脂ぎる,樹脂,
6945,4,詮,所詮,詮索,詮議,詮,,
6944,2,鋼,鋼,鋼鉄,,,,
6935,2,餌,餌,餌食,,,,
6917,3,丞,丞,丞相,半之丞,,,
6910,7,虐,虐待,虐殺,残虐,自虐,虐げる,暴虐
6891,4,喪,喪失,喪服,喪う,喪,,
6891,2,釘,釘,釘付け,,,,
6890,1,僅,僅か,,,,,
6877,1,堵,安堵,,,,,
6875,4,斐,甲斐,生き甲斐,甲斐性,不甲斐ない,,
6874,1,濯,洗濯,,,,,
6871,4,柴,柴田,柴,羽柴,御子柴,,
6854,6,篠,篠,篠崎,篠原,篠田,篠塚,篠山
6816,4,顧,顧問,顧みる,顧客,回顧,,
6816,4,削,削る,削ぐ,削除,削減,,
6789,9,忌,忌々しい,忌まわしい,忌む,禁忌,忌,忌避
6777,3,燭,蝋燭,燭台,燭,,,
6777,2,捧,捧げる,捧ぐ,,,,
6762,3,郵,郵便,郵便受け,郵送,,,
6751,4,訝,怪訝,訝る,訝しい,訝しげ,,
6751,4,崇,崇拝,崇,崇高,崇める,,
6743,3,篇,篇,短篇,長篇,,,
6735,7,浄,浄,清浄,浄化,浄土,不浄,浄瑠璃
6707,2,窺,窺う,窺える,,,,
6705,7,悶,苦悶,悶える,悶着,煩悶,悶絶,悶々
6705,1,剖,解剖,,,,,
6684,6,肢,四肢,選択肢,肢体,肢,下肢,前肢
6682,2,鉛,鉛筆,鉛,,,,
6653,3,飽,飽きる,飽く,飽き,,,
6649,3,叶,叶う,叶,叶える,,,
6626,4,尼,尼,尼僧,尼寺,比丘尼,,
6601,1,罠,罠,,,,,
6582,3,倭,倭,倭人,倭国,,,
6557,2,昧,曖昧,三昧,,,,
6552,3,販,販売,市販,自販機,,,
6534,4,扇,扇,扇子,団扇,扇風機,,
6515,3,侮,侮辱,侮蔑,侮る,,,
6508,2,戴,頂戴,戴く,,,,
6505,4,宰,太宰,宰相,主宰,宰,,
6499,4,俳,俳優,俳句,俳諧,俳人,,
6496,2,箸,箸,火箸,,,,
6493,1,璧,完璧,,,,,
6488,9,胡,胡,胡椒,胡散臭い,胡桃,胡麻,胡蝶
6472,3,咽,咽喉,嗚咽,咽,,,
6455,2,寮,寮,御寮人,,,,
6443,1,殷,殷,,,,,
6442,3,墳,古墳,墳墓,墳,,,
6421,5,陶,陶器,陶酔,陶,鬱陶しい,陶然,
6401,3,秩,秩序,秩父,無秩序,,,
6398,4,淑,淑,淑子,淑女,貞淑,,
6383,3,仇,仇,仇敵,仇討,,,
6380,5,顕,顕,顕著,顕微鏡,顕示,顕現,
6361,4,翔,翔,翔子,飛翔,翔ける,,
6354,7,蜂,蜂,蜂須賀,蜂起,蜂蜜,蜂の巣,蜜蜂
6335,2,埃,埃,土埃,,,,
6330,2,騙,騙す,騙る,,,,
6311,4,憐,可憐,憐れむ,憐れ,憐憫,,
6295,3,痺,麻痺,痺れる,痺れ,,,
6293,5,濁,濁る,濁す,濁流,混濁,濁り,
6288,4,宛,宛,宛てる,宛名,宛て,,
6284,4,儲,儲ける,儲け,儲かる,金儲け,,
6276,1,妄,妄想,,,,,
6262,2,蘭,蘭,蘭子,,,,
6252,4,妊,妊娠,懐妊,妊婦,避妊,,
6168,2,淵,淵,深淵,,,,
6164,3,洲,洲,清洲,中洲,,,
6148,2,碗,茶碗,碗,,,,
6126,2,柵,柵,鉄柵,,,,
6122,3,躯,躯,体躯,巨躯,,,
6122,3,耶,沙耶,摩耶,麻耶,,,
6110,3,轟,轟音,轟く,轟,,,
6108,2,褒,褒める,褒美,,,,
6108,2,虜,捕虜,虜,,,,
6095,6,盲,盲目,盲,盲人,盲点,盲目的,盲腸
6051,5,梁,梁,棟梁,梁山泊,跳梁,鼻梁,
6043,2,鎧,鎧,鎧戸,,,,
6039,5,汰,沙汰,表沙汰,音沙汰,ご無沙汰,淘汰,
6022,3,薫,薫,薫子,薫風,,,
6010,3,棺,棺,棺桶,石棺,,,
5986,2,雛,雛,雛田,,,,
5977,4,藍,藍,藍子,伽藍,藍色,,
5977,3,詫,詫びる,お詫び,詫び,,,
5920,1,躰,躰,,,,,
5908,3,鮎,鮎,鮎川,鮎子,,,
5886,4,擦,擦る,摩擦,擦れる,擦れ違う,,
5885,2,吠,吠える,遠吠え,,,,
5880,4,疾,疾走,疾風,疾駆,疾患,,
5863,3,塵,塵,微塵,砂塵,,,
5855,3,帥,元帥,統帥,総帥,,,
5818,4,羨,羨ましい,羨望,羨い,羨む,,
5811,3,讃,讃,讃える,讃岐,,,
5804,6,岐,岐阜,土岐,分岐,隠岐,壱岐,讃岐
5788,2,躇,躊躇,躊躇う,,,,
5788,2,躊,躊躇,躊躇う,,,,
5772,3,桶,桶,棺桶,手桶,,,
5771,3,猪,猪,猪口,猪熊,,,
5771,3,妨,妨害,妨げる,妨げ,,,
5762,6,潤,潤,潤む,潤子,潤一郎,利潤,潤す
5759,1,拐,誘拐,,,,,
5747,1,曖,曖昧,,,,,
5727,3,暫,暫く,暫し,暫時,,,
5714,3,漫,漫画,漫才,漫然と,,,
5712,5,畏,畏い,畏怖,畏れる,畏敬,畏まる,
5702,3,慨,感慨,憤慨,感慨深い,,,
5690,3,禄,禄,元禄,貫禄,,,
5685,4,殻,殻,貝殻,吸殻,地殻,,
5644,4,紺,紺,紺野,紺色,濃紺,,
5644,1,盃,盃,,,,,
5628,2,赴,赴く,赴任,,,,
5623,2,憧,憧れる,憧憬,,,,
5591,2,霞,霞,霞む,,,,
5567,2,隼,隼,隼人,,,,
5561,2,遥,遥か,遥,,,,
5548,1,惹,惹く,,,,,
5537,4,楼,楼,鐘楼,蜃気楼,望楼,,
5529,3,茫,茫然,茫漠,茫洋,,,
5517,3,簿,名簿,帳簿,簿,,,
5512,1,狽,狼狽,,,,,
5510,3,撲,相撲,撲る,打撲,,,
5498,3,欺,詐欺,欺く,欺瞞,,,
5481,2,贅,贅沢,贅,,,,
5467,3,曹,軍曹,曹長,兵曹,,,
5466,3,裡,裡,脳裡,庫裡,,,
5466,2,狗,天狗,狗,,,,
5460,2,鼠,鼠,鼠色,,,,
5453,3,堤,堤,堤防,防波堤,,,
5447,1,舐,舐める,,,,,
5442,3,傑,傑作,傑,豪傑,,,
5435,1,襖,襖,,,,,
5410,1,弦,弦,,,,,
5407,4,撤,撤退,撤回,撤収,撤去,,
5396,2,枠,枠,枠組み,,,,
5396,2,套,外套,常套,,,,
5381,3,玲,玲子,玲,玲奈,,,
5376,1,殆,殆ど,,,,,
5349,3,糖,砂糖,糖,糖尿,,,
5345,6,粘,粘土,粘る,粘液,粘膜,粘着,粘っこい
5341,3,杏,杏,杏子,銀杏,,,
5336,6,疎,疎開,疎い,疎外,疎遠,疎む,疎通
5328,2,忽,忽ち,忽然と,,,,
5325,3,蛍,蛍光,蛍,蛍子,,,
5318,2,郊,郊外,近郊,,,,
5288,4,圏,圏,圏内,大気圏,圏外,,
5276,5,弄,弄ぶ,翻弄,弄,嘲弄,愚弄,
5270,3,棲,棲む,同棲,棲息,,,
5269,1,此,此処,,,,,
5258,3,票,票,投票,伝票,,,
5256,3,幣,紙幣,貨幣,幣,,,
5253,3,溺,溺れる,溺死,溺愛,,,
5252,4,槌,相槌,槌,金槌,鉄槌,,
5228,4,賑,賑やか,賑わう,賑わい,賑,,
5221,1,瞼,瞼,,,,,
5204,2,樽,樽,小樽,,,,
5201,2,滲,滲む,滲みる,,,,
5197,4,墜,墜落,撃墜,墜ちる,失墜,,
5195,2,麓,麓,山麓,,,,
5183,5,蒲,蒲団,蒲生,座蒲団,蒲,蒲田,
5166,5,喝,喝采,一喝,恐喝,恫喝,大喝,
5160,2,裳,衣裳,裳,,,,
5160,1,峠,峠,,,,,
5158,3,焚,焚く,焚火,焚き火,,,
5157,5,恒,恒星,恒子,恒,恒夫,恒例,
5149,4,漆,漆黒,漆,漆喰,漆原,,
5140,5,遍,普遍,遍,一遍,遍歴,遍路,
5139,4,貯,貯金,貯める,貯蔵,貯える,,
5134,2,俵,俵,土俵,,,,
5122,5,銘,正真正銘,感銘,銘,銘じる,銘柄,
5116,4,癒,癒す,癒える,治癒,癒着,,
5114,2,亮,亮,亮子,,,,
5101,4,吟,吟味,吟子,吟遊詩人,吟,,
5098,5,沸,沸く,沸騰,沸かす,沸,沸き立つ,
5085,2,兎,兎,脱兎,,,,
5063,2,蚊,蚊,蚊帳,,,,
5041,4,蛮,野蛮,南蛮,蛮族,蛮人,,
5027,3,餅,餅,尻餅,煎餅,,,
4988,5,伐,討伐,征伐,伐る,殺伐,伐採,
4981,3,淳,淳子,淳,淳二,,,
4971,3,鳩,鳩,鳩尾,斑鳩,,,
4960,3,揉,揉む,揉める,揉み消す,,,
4950,4,膜,膜,鼓膜,網膜,粘膜,,
4947,3,敦,敦子,敦,敦賀,,,
4941,3,募,募る,募集,応募,,,
4938,2,只,只,只今,,,,
4934,2,郭,輪郭,郭,,,,
4924,3,噌,味噌,味噌汁,脳味噌,,,
4914,3,蒙,蒙る,啓蒙,満蒙,,,
4914,2,欄,欄,欄干,,,,
4910,3,鷲,鷲,鷲尾,鷲掴み,,,
4880,3,咎,咎める,咎め,咎,,,
4878,5,賃,家賃,賃,賃金,賃貸,駄賃,
4877,3,奢,華奢,豪奢,奢る,,,
4869,1,遼,遼,,,,,
4858,1,某,某,,,,,
4858,1,娠,妊娠,,,,,
4849,4,懲,懲役,懲りる,懲罰,懲らしめる,,
4849,1,岬,岬,,,,,
4838,5,摂,摂る,摂津,摂理,摂取,摂政,
4831,3,隈,界隈,隈,大隈,,,
4831,2,婿,婿,花婿,,,,
4830,4,稀,稀,稀有,稀薄,稀代,,
4830,3,諾,承諾,受諾,諾,,,
4828,2,幌,札幌,幌,,,,
4827,2,礎,基礎,礎,,,,
4822,3,弘,弘,弘子,弘前,,,
4821,4,夷,蝦夷,攘夷,夷,焼夷弾,,
4811,2,莫,莫大,莫迦,,,,
4807,5,旬,下旬,中旬,上旬,旬,初旬,
4773,2,唖,唖然,唖,,,,
4749,2,溝,溝,溝口,,,,
4741,2,宵,宵,今宵,,,,
4711,3,阻,阻止,阻む,阻害,,,
4705,4,懇,懇願,懇意,懇話,懇談,,
4689,2,拗,執拗,拗ねる,,,,
4652,2,潟,潟,新潟,,,,
4627,5,兆,兆,兆候,前兆,兆し,予兆,
4623,5,頻,頻繁,頻りに,頻度,頻る,頻発,
4614,4,柿,柿,柿崎,柿沢,柿本,,
4609,1,鞘,鞘,,,,,
4588,3,憑,憑かれる,憑依,信憑,,,
4567,3,庇,庇う,庇護,庇,,,
4563,2,岳,岳,山岳,,,,
4558,3,抽,抽象,抽出,抽斗,,,
4551,3,酬,報酬,応酬,酬いる,,,
4542,1,葵,葵,,,,,
4538,3,暦,暦,西暦,還暦,,,
4523,2,剃,剃る,剃刀,,,,
4513,1,刹,刹那,,,,,
4497,3,肺,肺,肺炎,肺病,,,
4497,3,后,后,皇后,皇太后,,,
4489,2,冠,冠,王冠,,,,
4482,2,腿,腿,大腿,,,,
4475,1,踵,踵,,,,,
4474,2,巫,巫女,巫,,,,
4469,4,駿,駿河,駿府,駿,駿馬,,
4441,2,剛,剛,金剛,,,,
4439,4,餓,餓鬼,餓死,飢餓,餓える,,
4429,5,幡,八幡,八幡宮,幡,小幡,因幡,
4419,2,喘,喘ぐ,喘息,,,,
4413,2,燥,乾燥,焦燥,,,,
4408,1,甥,甥,,,,,
4399,1,砦,砦,,,,,
4397,2,繊,繊細,繊維,,,,
4394,2,焔,焔,火焔,,,,
4389,3,椎,椎,椎名,椎葉,,,
4382,4,蜜,蜜,蜜柑,蜂蜜,蜜蜂,,
4371,4,舗,舗装,舗道,店舗,老舗,,
4353,2,憩,休憩,憩い,,,,
4335,5,殖,繁殖,生殖,増殖,殖える,養殖,
4327,3,萩,萩,萩生,萩原,,,
4324,3,烏,烏,烏帽子,烏丸,,,
4320,4,采,喝采,風采,采女,采配,,
4317,6,筑,筑前,筑紫,都筑,筑波,筑後,筑摩書房
4316,2,灼,灼く,灼熱,,,,
4309,3,條,東條,條,南條,,,
4306,3,輔,大輔,良輔,俊輔,,,
4301,1,踪,失踪,,,,,
4279,2,梯,梯子,梯子段,,,,
4276,3,瞭,明瞭,一目瞭然,不明瞭,,,
4272,3,堕,堕落,堕ちる,堕す,,,
4263,3,凛,凛,凛と,凛々しい,,,
4257,1,紗,紗,,,,,
4250,2,肖,肖像,不肖,,,,
4247,2,董,董,骨董,,,,
4213,2,朴,素朴,朴,,,,
4207,5,瓜,瓜,西瓜,胡瓜,南瓜,瓜生,
4207,2,鞍,鞍,鞍馬,,,,
4191,3,彰,彰洋,彰,表彰,,,
4189,3,滋,滋,滋子,滋賀,,,
4188,1,虹,虹,,,,,
4184,4,甚,甚だ,甚だしい,甚兵衛,甚大,,
4184,4,刈,刈る,刈り,刈り取る,刈り込む,,
4183,4,奔,奔走,奔流,奔放,出奔,,
4182,2,塾,塾,塾生,,,,
4172,3,爽,爽やか,爽快,颯爽,,,
4170,1,斧,斧,,,,,
4168,2,暁,暁,暁子,,,,
4163,2,侶,僧侶,伴侶,,,,
4162,3,迂,迂回,迂闊,迂る,,,
4162,2,披,披露,披露宴,,,,
4154,4,炊,炊事,炊く,大炊,雑炊,,
4154,3,詠,詠む,詠唱,詠,,,
4153,2,伎,歌舞伎町,歌舞伎,,,,
4141,2,藁,藁,麦藁,,,,
4129,1,楯,楯,,,,,
4127,1,翁,翁,,,,,
4125,3,槽,水槽,浴槽,槽,,,
4105,5,桑,桑,桑名,桑原,桑田,桑野,
4100,2,芽,芽,芽生える,,,,
4096,3,禅,禅,坐禅,禅師,,,
4094,3,俯,俯く,俯せる,俯瞰,,,
4087,2,萌,萌,萌える,,,,
4083,3,郁,郁,郁子,郁美,,,
4080,1,藪,藪,,,,,
4078,2,妥,妥協,妥当,,,,
4071,1,糞,糞,,,,,
4066,3,逐,駆逐,逐一,放逐,,,
4055,3,渇,渇く,渇き,渇望,,,
4054,3,宜,宜,宜しい,便宜,,,
4053,4,貢,貢献,貢,年貢,貢ぐ,,
4050,1,漕,漕ぐ,,,,,
4049,1,拷,拷問,,,,,
4047,1,袴,袴,,,,,
4046,5,譜,楽譜,譜代,系譜,譜,年譜,
4024,2,巴,巴,巴里,,,,
4021,2,箇,箇所,箇月,,,,
4000,1,橘,橘,,,,,
3993,3,錬,錬金術,錬る,鍛錬,,,
3993,1,頁,頁,,,,,
3984,2,墨,墨,入れ墨,,,,
3984,2,坪,坪,坪井,,,,
3981,1,芯,芯,,,,,
3978,4,芥,芥川,芥,芥川賞,芥子,,
3977,4,洛,上洛,洛陽,洛,洛中,,
3973,1,攣,痙攣,,,,,
3973,1,痙,痙攣,,,,,
3970,2,燕,燕,燕尾服,,,,
3965,3,傲,傲慢,傲然,傲岸,,,
3961,2,褐,褐色,茶褐色,,,,
3960,2,榊,榊,榊原,,,,
3957,3,瞑,瞑る,瞑想,瞑目,,,
3937,4,伍,伍長,伍,隊伍,落伍,,
3931,6,曾,木曾,曾根,未曾有,曾我,曾祖父,小曾根
3930,2,檻,檻,折檻,,,,
3919,1,薪,薪,,,,,
3919,1,撒,撒く,,,,,
3915,2,俄,俄,俄然,,,,
3912,3,擁,抱擁,擁護,擁す,,,
3905,4,舷,舷,右舷,左舷,舷側,,
3898,1,蛛,蜘蛛,,,,,
3898,1,蜘,蜘蛛,,,,,
3892,4,靖,靖,靖子,靖国神社,靖国,,
3879,2,穫,収穫,穫る,,,,
3872,3,慕,慕う,思慕,恋慕,,,
3866,2,棋,将棋,棋士,,,,
3862,1,梢,梢,,,,,
3858,1,萄,葡萄,,,,,
3858,1,葡,葡萄,,,,,
3814,2,慄,戦慄,慄然,,,,
3814,2,庶,庶民,庶務,,,,
3799,4,洒,洒落る,洒落,瀟洒,お洒落,,
3778,5,頓,無頓着,整頓,頓着,頓,頓狂,
3760,3,渓,渓谷,渓,渓流,,,
3754,4,呈,呈す,露呈,呈する,進呈,,
3743,1,峻,峻,,,,,
3740,2,絨,絨毯,絨緞,,,,
3738,3,掠,掠める,掠奪,掠れる,,,
3727,2,陵,丘陵,陵,,,,
3714,1,雫,雫,,,,,
3713,4,昏,黄昏,昏睡,昏倒,昏れる,,
3709,3,詣,参詣,詣る,詣でる,,,
3708,3,蔽,蔽う,隠蔽,遮蔽,,,
3706,2,緋,緋,緋色,,,,
3700,4,伽,伽,伽羅,伽藍,お伽,,
3666,2,硝,硝子,硝煙,,,,
3633,1,瞥,一瞥,,,,,
3627,3,舵,舵,操舵,舵取り,,,
3624,2,狸,狸,狐狸,,,,
3623,3,牡,牡,牡丹,牡蠣,,,
3619,2,搭,搭乗,搭載,,,,
3618,4,偏,偏見,偏,偏屈,偏る,,
3616,2,惟,惟神,思惟,,,,
3613,2,姐,姐さん,姐,,,,
3604,2,柏,柏木,柏,,,,
3602,5,賜,賜わる,賜る,賜,下賜,賜物,
3595,3,壕,壕,防空壕,塹壕,,,
3576,2,穿,穿く,穿つ,,,,
3572,1,獅,獅子,,,,,
3556,3,柚,柚木,柚子,柚,,,
3554,2,傭,傭兵,傭う,,,,
3553,4,鉱,鉱山,鉱物,炭鉱,鉱石,,
3549,3,峡,海峡,峡谷,峡,,,
3547,2,垢,垢,無垢,,,,
3545,2,豹,豹,豹変,,,,
3534,6,煩,煩悩,煩わしい,煩悶,煩,煩い,煩わす
3508,3,樋,樋口,樋,樋川,,,
3504,3,畔,湖畔,畔,河畔,,,
3500,3,楠,楠,楠木,熊楠,,,
3470,4,髄,脳髄,髄,骨髄,脊髄,,
3464,2,蔦,蔦,蔦子,,,,
3463,1,貿,貿易,,,,,
3450,1,汲,汲む,,,,,
3449,1,釜,釜,,,,,
3440,4,窪,窪む,窪地,窪,荻窪,,
3433,2,袈,大袈裟,袈裟,,,,
3433,2,裟,大袈裟,袈裟,,,,
3429,2,蹟,奇蹟,筆蹟,,,,
3427,2,眸,眸,双眸,,,,
3416,2,麿,麿,歌麿,,,,
3410,2,竿,竿,釣竿,,,,
3401,2,姑,姑,姑息,,,,
3395,2,昆,昆虫,昆布,,,,
3386,2,購,購入,購買,,,,
3341,4,笹,笹,笹島,笹屋,笹岡,,
3341,1,咄,咄嗟,,,,,
3341,1,嗟,咄嗟,,,,,
3330,2,箪,箪笥,瓢箪,,,,
3330,2,但,但馬,但し,,,,
3328,2,枢,中枢,枢機卿,,,,
3305,3,錆,錆びる,錆,錆びつく,,,
3302,3,勲,勲章,勲,武勲,,,
3293,2,雌,雌,雌雄,,,,
3285,3,宏,宏,宏一,宏美,,,
3285,1,曳,曳く,,,,,
3283,1,椿,椿,,,,,
3278,4,塁,塁,一塁,三塁,二塁,,
3278,4,凌,凌ぐ,凌,凌駕,凌辱,,
3271,3,併,合併,併せる,併合,,,
3257,2,桟,桟橋,桟敷,,,,
3256,2,屑,屑,紙屑,,,,
3254,3,抹,抹殺,一抹,抹消,,,
3251,4,姦,強姦,姦,姦通,相姦,,
3244,1,魏,魏,,,,,
3244,1,儂,儂,,,,,
3239,2,斗,斗,抽斗,,,,
3237,2,其,其の,其角,,,,
3227,3,苔,苔,海苔,苔むす,,,
3223,4,纏,纏う,纏める,纏,半纏,,
3223,3,鴨,鴨,鴨川,巣鴨,,,
3207,1,緯,経緯,,,,,
3202,1,秦,秦,,,,,
3186,1,煉,煉瓦,,,,,
3178,2,捻,捻る,捻じる,,,,
3172,1,毯,絨毯,,,,,
3166,2,芋,芋,芋虫,,,,
3162,1,祷,祈祷,,,,,
3161,1,壬,壬生,,,,,
3148,3,禿,禿げる,禿,禿頭,,,
3147,3,函,函館,函,投函,,,
3146,2,措,措置,措く,,,,
3145,2,軋,軋む,軋る,,,,
3105,2,訂,訂正,改訂,,,,
3102,2,些,些細,些か,,,,
3090,3,升,升,升田,一升瓶,,,
3090,1,惠,惠,,,,,
3084,3,叉,夜叉,交叉,叉,,,
3081,4,謡,謡,歌謡,民謡,童謡,,
3073,1,堺,堺,,,,,
3061,3,酌,酌,酌む,手酌,,,
3058,1,漸,漸く,,,,,
3030,3,腎,肝腎,腎臓,腎,,,
3028,4,淫,淫ら,淫売,淫蕩,淫乱,,
3027,1,霜,霜,,,,,
3022,1,蛙,蛙,,,,,
3019,2,藻,藻,玉藻,,,,
3018,4,謹,謹慎,不謹慎,謹む,謹厳,,
3009,1,軸,軸,,,,,
3008,3,漬,漬け,漬物,漬ける,,,
3004,1,甦,甦る,,,,,
3001,3,斑,斑,斑点,斑鳩,,,
2997,2,洪,洪水,洪,,,,
2992,1,墟,廃墟,,,,,
2988,5,閑,閑散,閑静,有閑,長閑,森閑,
2987,2,厨,厨房,厨子,,,,
2973,4,朽,朽ちる,老朽,朽ち果てる,朽木,,
2972,3,諭,諭す,諭,教諭,,,
2968,2,蓄,蓄積,蓄える,,,,
2963,1,玩,玩具,,,,,
2952,2,猶,猶予,猶,,,,
2930,5,磁,磁石,電磁,磁気,磁力,電磁波,
2923,4,匿,匿名,隠匿,秘匿,匿う,,
2922,3,寵,寵愛,寵,恩寵,,,
2916,1,佇,佇む,,,,,
2908,3,腸,腸,胃腸,盲腸,,,
2904,3,需,需要,軍需,必需,,,
2897,3,爾,爾,莞爾,爾来,,,
2895,1,蕎,蕎麦,,,,,
2893,3,叛,叛乱,謀叛,叛逆,,,
2893,1,媛,媛,,,,,
2888,1,錦,錦,,,,,
2882,3,綴,綴る,綴り,綴,,,
2882,1,梓,梓,,,,,
2880,3,享,享,享楽,享受,,,
2851,1,祟,祟る,,,,,
2850,2,榎,榎本,榎,,,,
2848,3,轄,管轄,所轄,直轄,,,
2830,3,絆,絆,脚絆,絆創膏,,,
2828,3,晃,晃,晃子,晃二,,,
2825,2,胎,胎児,胎内,,,,
2822,3,翳,翳,翳り,翳る,,,
2819,4,嶋,嶋,中嶋,嶋田,長嶋,,
2818,2,鳳,鳳,鳳凰,,,,
2811,2,朧,朦朧,朧,,,,
2789,3,萎,萎える,萎縮,萎れる,,,
2773,5,覇,覇,覇気,那覇,制覇,覇権,
2761,2,貪,貪る,貪欲,,,,
2761,1,惣,惣,,,,,
2759,1,詐,詐欺,,,,,
2746,3,撥,反撥,撥ねる,撥,,,
2745,3,培,栽培,培養,培う,,,
2734,2,祀,祀る,祭祀,,,,
2729,1,掟,掟,,,,,
2721,3,閥,派閥,財閥,閥,,,
2717,1,櫛,櫛,,,,,
2711,4,芦,芦,芦屋,芦名,芦川,,
2703,4,播,播磨,播く,伝播,播州,,
2693,1,寅,寅,,,,,
2688,2,蝉,蝉,空蝉,,,,
2687,2,嬌,愛嬌,嬌声,,,,
2684,2,煽,煽る,煽動,,,,
2678,3,梶,梶原,梶,梶川,,,
2674,2,茎,茎,陰茎,,,,
2666,1,鯉,鯉,,,,,
2665,3,牽,牽制,牽引,牽く,,,
2659,1,袂,袂,,,,,
2655,3,廉,廉,破廉恥,清廉,,,
2651,2,晋,晋,晋作,,,,
2650,3,粛,厳粛,粛清,静粛,,,
2648,2,癪,癪,癇癪,,,,
2641,2,冑,甲冑,冑,,,,
2639,2,迦,莫迦,釈迦,,,,
2639,1,姪,姪,,,,,
2634,4,淀,淀,淀む,淀川,淀み,,
2630,1,壜,壜,,,,,
2620,2,粕,甘粕,粕谷,,,,
2615,1,剰,過剰,,,,,
2606,2,牝,牝,牝馬,,,,
2603,4,摺,摺り,引き摺る,手摺,摺る,,
2601,2,娼,娼婦,娼妓,,,,
2601,1,栓,栓,,,,,
2599,2,檜,檜,檜山,,,,
2578,2,槻,若槻,大槻,,,,
2575,3,簾,暖簾,簾,御簾,,,
2573,2,國,國子,國,,,,
2571,1,縞,縞,,,,,
2566,1,笥,箪笥,,,,,
2561,2,亘,亘,亘る,,,,
2557,3,輿,輿,神輿,輿入れ,,,
2556,1,脛,脛,,,,,
2554,2,腑,腑,臓腑,,,,
2551,2,礫,瓦礫,礫,,,,
2544,3,畠,畠,北畠,畠山,,,
2544,2,仔,仔細,仔犬,,,,
2532,1,雁,雁,,,,,
2528,2,捲,捲く,捲る,,,,
2526,2,逞,逞しい,不逞,,,,
2523,3,闊,迂闊,闊歩,闊達,,,
2512,4,臥,臥,臥す,仰臥,臥床,,
2502,1,屏,屏風,,,,,
2499,2,鱗,鱗,片鱗,,,,
2494,3,勅,勅,勅使,勅命,,,
2490,2,蹄,蹄,馬蹄,,,,
2486,1,耗,消耗,,,,,
2482,2,肴,肴,酒肴,,,,
2479,2,篝,篝,篝火,,,,
2477,2,衡,均衡,平衡,,,,
2475,3,稜,稜線,稜,御稜威,,,
2474,2,沌,混沌,渾沌,,,,
2465,1,嚇,威嚇,,,,,
2444,1,蟻,蟻,,,,,
2440,2,旭,旭川,旭,,,,
2434,3,劫,億劫,永劫,劫,,,
2434,2,勃,勃発,勃起,,,,
2432,1,髯,髯,,,,,
2427,1,醤,醤油,,,,,
2419,2,嗚,嗚咽,嗚呼,,,,
2415,2,樫,樫,富樫,,,,
2409,3,繕,取り繕う,修繕,繕う,,,
2406,1,鴉,鴉,,,,,
2392,2,鴎,鴎外,鴎,,,,
2392,2,尤,尤も,尤,,,,
2384,2,葦,葦,葦原,,,,
2378,1,餐,晩餐,,,,,
2377,1,訟,訴訟,,,,,
2374,2,搬,運搬,搬入,,,,
2361,1,杭,杭,,,,,
2357,2,鯨,鯨,捕鯨,,,,
2356,1,艘,艘,,,,,
2354,2,戟,刺戟,剣戟,,,,
2348,2,碑,碑,石碑,,,,
2341,1,芭,芭蕉,,,,,
2341,1,蕉,芭蕉,,,,,
2333,3,菅,菅原,菅,菅野,,,
2333,1,蟹,蟹,,,,,
2332,1,濠,濠,,,,,
2323,2,螺,螺旋,法螺,,,,
2319,2,菩,菩薩,菩提寺,,,,
2319,1,楓,楓,,,,,
2314,2,謂,謂,謂う,,,,
2313,1,挺,挺,,,,,
2309,1,於,於く,,,,,
2309,1,兜,兜,,,,,
2293,1,胤,胤,,,,,
2280,1,巌,巌,,,,,
2277,2,倣,模倣,倣う,,,,
2275,1,晒,晒す,,,,,
2270,2,冶,鍛冶,鍛冶屋,,,,
2266,2,牌,牌,位牌,,,,
2264,2,琵,琵琶,琵琶湖,,,,
2264,2,琶,琵琶,琵琶湖,,,,
2232,2,藝,藝,文藝春秋,,,,
2229,2,啜,啜る,啜り泣く,,,,
2229,1,馨,馨,,,,,
2210,3,債,債権,負債,債務,,,
2206,2,脆,脆い,脆弱,,,,
2204,1,畝,畝,,,,,
2203,5,荻,荻,荻原,西荻,荻窪,荻島,
2203,1,恍,恍惚,,,,,
2202,1,薦,推薦,,,,,
2198,2,謁,謁見,拝謁,,,,
2192,3,渾,渾身,渾名,渾沌,,,
2192,1,峙,対峙,,,,,
2191,2,窒,窒息,窒素,,,,
2189,2,丑,丑松,丑,,,,
2186,2,遜,謙遜,不遜,,,,
2185,1,趙,趙,,,,,
2179,3,媒,媒介,媒体,霊媒,,,
2178,1,癌,癌,,,,,
2175,2,跨,跨る,跨ぐ,,,,
2168,1,耽,耽る,,,,,
2168,1,琉,琉球,,,,,
2162,2,几,几帳面,床几,,,,
2160,1,曰,曰く,,,,,
2155,1,櫓,櫓,,,,,
2154,2,嵌,嵌める,嵌る,,,,
2152,2,犀,犀川,犀星,,,,
2146,1,憮,憮然,,,,,
2145,1,罐,罐,,,,,
2126,2,鮫,鮫,鮫島,,,,
2126,1,痣,痣,,,,,
2123,2,碁,碁,碁盤,,,,
2121,2,魁,魁,花魁,,,,
2109,1,伜,伜,,,,,
2105,2,屁,屁,屁理屈,,,,
2105,1,炸,炸裂,,,,,
2100,2,廓,廓,遊廓,,,,
2099,1,箒,箒,,,,,
2085,4,冥,冥,冥府,冥界,冥福,,
2084,2,厩,厩,厩舎,,,,
2079,1,諏,諏訪,,,,,
2077,3,括,括る,統括,総括,,,
2077,2,禍,禍,禍々しい,,,,
2076,1,吏,官吏,,,,,
2074,2,鄭,鄭,鄭重,,,,
2066,2,媚,媚びる,媚,,,,
2064,2,准,准,准尉,,,,
2051,2,椒,山椒魚,胡椒,,,,
2050,2,癇,癇癪,癇,,,,
2047,1,沫,飛沫,,,,,
2043,2,悴,憔悴,悴,,,,
2039,2,菌,菌,細菌,,,,
2028,3,篤,篤い,篤,危篤,,,
2028,2,慧,智慧,慧,,,,
2027,2,綻,破綻,綻ぶ,,,,
2025,2,狡,狡猾,狡い,,,,
2022,2,羞,羞恥,羞恥心,,,,
2019,1,娯,娯楽,,,,,
2018,3,暢,流暢,暢気,暢子,,,
2005,2,串,串,串刺し,,,,
2001,2,軟,柔軟,軟弱,,,,
1974,2,瀕,瀕死,瀕,,,,
1974,2,毅,毅,毅然,,,,
1973,2,碧,碧,碧眼,,,,
1971,2,腫,腫れる,腫れ,,,,
1965,3,瑠,瑠璃,浄瑠璃,瑠璃子,,,
1965,3,璃,瑠璃,浄瑠璃,瑠璃子,,,
1961,1,啼,啼く,,,,,
1959,2,韻,余韻,韻,,,,
1949,2,允,允,孝允,,,,
1948,3,膏,石膏,絆創膏,膏,,,
1945,2,帖,帖,手帖,,,,
1938,2,蓬,蓬,蓬莱,,,,
1938,1,芹,芹沢,,,,,
1935,1,椀,椀,,,,,
1933,2,湛,湛える,湛,,,,
1932,1,漱,漱石,,,,,
1926,1,瑛,瑛子,,,,,
1923,1,繍,刺繍,,,,,
1920,3,叡,比叡山,叡山,叡,,,
1917,1,戮,殺戮,,,,,
1915,2,饒,饒舌,豊饒,,,,
1908,1,丼,丼,,,,,
1905,2,栽,栽培,盆栽,,,,
1904,2,扮,扮,扮装,,,,
1903,2,蔓,蔓,蔓延,,,,
1897,1,鹸,石鹸,,,,,
1895,1,祠,祠,,,,,
1888,1,筏,筏,,,,,
1884,1,蛾,蛾,,,,,
1883,1,践,実践,,,,,
1880,1,蠅,蠅,,,,,
1879,1,檎,林檎,,,,,
1878,2,鷺,朱鷺,鷺,,,,
1874,2,埒,埒,不埒,,,,
1864,1,肪,脂肪,,,,,
1855,1,阜,岐阜,,,,,
1854,3,愁,郷愁,憂愁,哀愁,,,
1845,2,暈,眩暈,暈,,,,
1842,1,咆,咆哮,,,,,
1842,1,哮,咆哮,,,,,
1839,2,彷,彷徨,彷彿,,,,
1836,1,鬚,鬚,,,,,
1828,2,麟,麒麟,麟太郎,,,,
1824,2,屯,駐屯,屯,,,,
1817,2,鞠,鞠,鞠子,,,,
1810,3,擬,模擬,擬態,擬似,,,
1806,2,贄,生贄,贄,,,,
1797,2,亨,亨,祐亨,,,,
1791,1,閤,太閤,,,,,
1788,1,亦,亦,,,,,
1783,3,鵜,鵜,鵜呑み,鵜飼,,,
1781,2,惧,危惧,危惧す,,,,
1780,1,弧,弧,,,,,
1779,1,筧,筧,,,,,
1777,1,咤,叱咤,,,,,
1774,1,嗄,嗄れる,,,,,
1768,1,舅,舅,,,,,
1752,2,穀,穀物,穀,,,,
1750,2,牟,牟田,牟礼,,,,
1744,2,哨,歩哨,哨戒,,,,
1736,2,橙,橙,橙色,,,,
1735,2,榴,手榴弾,柘榴,,,,
1732,2,臼,臼,臼井,,,,
1727,3,坑,坑道,坑夫,炭坑,,,
1727,1,鋒,先鋒,,,,,
1722,1,杢,杢,,,,,
1717,2,辣,辛辣,悪辣,,,,
1716,1,酎,焼酎,,,,,
1715,2,掬,掬,掬う,,,,
1715,1,蝦,蝦夷,,,,,
1714,1,攘,攘夷,,,,,
1710,1,蠢,蠢く,,,,,
1709,3,兇,兇暴,兇器,兇悪,,,
1707,2,菱,菱,三菱,,,,
1706,1,粥,粥,,,,,
1704,1,噺,噺,,,,,
1694,1,飴,飴,,,,,
1689,2,蓉,芙蓉,蓉子,,,,
1687,1,鳶,鳶,,,,,
1683,1,鍬,鍬,,,,,
1677,2,疫,疫病,免疫,,,,
1677,2,憫,不憫,憐憫,,,,
1671,2,訛,訛り,訛,,,,
1670,2,嗣,前嗣,嗣ぐ,,,,
1669,1,棍,棍棒,,,,,
1668,2,尿,尿,糖尿,,,,
1664,1,朦,朦朧,,,,,
1663,1,悸,動悸,,,,,
1658,1,宦,宦官,,,,,
1655,1,峯,峯,,,,,
1654,2,勾,勾配,勾玉,,,,
1642,3,聯,聯盟,聯隊,聯合,,,
1634,1,盧,盧,,,,,
1633,2,磐,常磐,磐,,,,
1633,1,倅,倅,,,,,
1619,3,煎,煎餅,煎る,煎じる,,,
1619,2,轢,轢く,轢き逃げ,,,,
1612,1,鯛,鯛,,,,,
1600,2,秤,秤,天秤,,,,
1600,2,硫,硫黄,硫酸,,,,
1599,1,笙,笙子,,,,,
1599,1,椰,椰子,,,,,
1598,2,倦,倦怠,倦む,,,,
1596,2,斥,斥候,排斥,,,,
1596,1,譚,譚,,,,,
1584,2,閲,検閲,閲覧,,,,
1583,1,崔,崔,,,,,
1575,1,迅,迅速,,,,,
1573,1,鶯,鶯,,,,,
1572,1,拉,拉致,,,,,
1571,2,諒,諒解,諒子,,,,
1570,2,芙,芙蓉,芙美子,,,,
1568,2,悼,追悼,悼む,,,,
1567,2,凱,凱旋,凱歌,,,,
1564,2,燈,燈台,燈籠,,,,
1556,2,蕩,放蕩,淫蕩,,,,
1555,3,穢,穢れ,穢れる,穢,,,
1555,1,肱,肱,,,,,
1552,1,唆,示唆,,,,,
1548,1,巽,巽,,,,,
1546,2,燐,燐,燐光,,,,
1539,1,旺,旺盛,,,,,
1532,1,杜,杜,,,,,
1531,3,贋,贋,贋作,贋物,,,
1531,2,妓,芸妓,娼妓,,,,
1530,1,挫,挫折,,,,,
1528,1,嫂,嫂,,,,,
1525,2,沁,沁みる,沁む,,,,
1525,1,鰻,鰻,,,,,
1524,1,捷,敏捷,,,,,
1519,2,惰,怠惰,惰性,,,,
1517,2,錐,錐,円錐,,,,
1514,1,陪,陪審,,,,,
1513,1,逝,逝く,,,,,
1511,1,髏,髑髏,,,,,
1511,1,髑,髑髏,,,,,
1511,1,悉,悉く,,,,,
1508,1,箋,便箋,,,,,
1501,1,渚,渚,,,,,
1496,2,饗,饗宴,饗応,,,,
1492,1,饅,饅頭,,,,,
1476,1,諺,諺,,,,,
1471,1,肋,肋骨,,,,,
1471,1,咬,咬む,,,,,
1467,1,猾,狡猾,,,,,
1464,1,襞,襞,,,,,
1464,1,抉,抉る,,,,,
1462,2,凹,凹む,凹凸,,,,
1460,3,檀,檀家,黒檀,檀,,,
1459,2,樺,白樺,樺太,,,,
1455,2,煤,煤,煤ける,,,,
1455,1,憾,遺憾,,,,,
1453,1,姻,婚姻,,,,,
1452,1,孕,孕む,,,,,
1450,1,紡,紡ぐ,,,,,
1448,1,坦,平坦,,,,,
1444,2,躾,躾,不躾,,,,
1444,1,聳,聳える,,,,,
1442,2,澤,松澤,中澤,,,,
1425,1,酋,酋長,,,,,
1420,1,馭,馭者,,,,,
1419,3,儒,儒教,儒学,儒者,,,
1413,2,搾,搾る,搾取,,,,
1410,1,驢,驢馬,,,,,
1408,2,竦,竦める,竦む,,,,
1405,1,懺,懺悔,,,,,
1404,1,縋,縋る,,,,,
1401,2,芒,芒,光芒,,,,
1398,1,巷,巷,,,,,
1397,1,棘,棘,,,,,
1397,1,嘔,嘔吐,,,,,
1394,1,珊,珊瑚,,,,,
1394,1,瑚,珊瑚,,,,,
1393,2,楚,清楚,楚,,,,
1392,1,該,該当,,,,,
1391,1,獰,獰猛,,,,,
1388,2,嘗,嘗める,嘗て,,,,
1386,2,寡,寡黙,寡婦,,,,
1375,2,蒔,蒔く,蒔絵,,,,
1373,1,顰,顰める,,,,,
1371,1,喩,比喩,,,,,
1368,3,殉,殉教者,殉じる,殉死,,,
1367,1,圃,田圃,,,,,
1363,1,稔,稔,,,,,
1362,1,孟,孟,,,,,
1360,1,桔,桔梗,,,,,
1360,1,梗,桔梗,,,,,
1359,1,遡,遡る,,,,,
1354,1,炬,炬燵,,,,,
1354,1,燵,炬燵,,,,,
1353,1,騰,沸騰,,,,,
1352,2,按,按摩,按配,,,,
1345,1,凧,凧,,,,,
1343,2,弛,弛緩,弛む,,,,
1341,2,茸,茸,松茸,,,,
1341,1,桁,桁,,,,,
1332,2,汐,汐,汐見,,,,
1327,1,悍,精悍,,,,,
1324,1,徨,彷徨,,,,,
1320,2,煌,煌々,煌めく,,,,
1320,1,哄,哄笑,,,,,
1312,1,揆,一揆,,,,,
1310,2,礁,岩礁,暗礁,,,,
1307,1,錨,錨,,,,,
1305,1,卯,卯,,,,,
1304,2,謳,謳う,謳歌,,,,
1298,1,跪,跪く,,,,,
1291,1,逡,逡巡,,,,,
1289,1,慇,慇懃,,,,,
1289,1,懃,慇懃,,,,,
1288,2,緻,緻密,精緻,,,,
1282,2,訣,秘訣,訣別,,,,
1281,1,吼,吼える,,,,,
1277,2,挽,挽く,挽回,,,,
1277,1,廟,廟,,,,,
1274,1,迸,迸る,,,,,
1272,2,茨,茨,茨城,,,,
1271,2,鬘,玉鬘,鬘,,,,
1270,1,棹,棹,,,,,
1267,1,柩,柩,,,,,
1266,1,揄,揶揄,,,,,
1266,1,揶,揶揄,,,,,
1265,1,奕,博奕,,,,,
1259,1,芻,反芻,,,,,
1258,1,睾,睾丸,,,,,
1257,2,陀,阿弥陀,南無阿弥陀仏,,,,
1248,1,鍮,真鍮,,,,,
1246,1,埼,埼玉,,,,,
1241,2,臀,臀,臀部,,,,
1241,1,賂,賄賂,,,,,
1241,1,賄,賄賂,,,,,
1237,1,殲,殲滅,,,,,
1235,1,酢,酢,,,,,
1232,1,橇,橇,,,,,
1231,1,瘤,瘤,,,,,
1231,1,埠,埠頭,,,,,
1230,1,疼,疼く,,,,,
1225,2,舳,舳先,舳,,,,
1222,1,叢,叢,,,,,
1219,2,嫡,嫡子,嫡男,,,,
1216,1,匕,匕首,,,,,
1215,1,衿,衿,,,,,
1214,2,褪,褪せる,色褪せる,,,,
1214,1,臍,臍,,,,,
1213,1,銚,銚子,,,,,
1213,1,循,循環,,,,,
1209,1,遽,急遽,,,,,
1208,1,虔,敬虔,,,,,
1207,1,躱,躱す,,,,,
1206,1,睫,睫毛,,,,,
1204,2,蕃,玄蕃,蕃,,,,
1195,2,堆,堆積,堆い,,,,
1193,1,鴻,鴻,,,,,
1189,2,葱,葱,玉葱,,,,
1188,2,竪,竪琴,竪,,,,
1187,2,糾,糾弾,紛糾,,,,
1184,1,苑,苑,,,,,
1184,1,楡,楡,,,,,
1181,2,黎,黎明,黎,,,,
1176,2,凪,凪ぐ,凪,,,,
1172,1,憔,憔悴,,,,,
1171,2,廠,工廠,廠,,,,
1165,2,爛,絢爛,爛れる,,,,
1159,1,顛,顛末,,,,,
1159,1,喬,喬,,,,,
1154,1,櫂,櫂,,,,,
1153,1,麹,麹,,,,,
1152,1,甕,甕,,,,,
1146,2,鱈,出鱈目,鱈,,,,
1144,2,腔,口腔,鼻腔,,,,
1141,1,駁,反駁,,,,,
1137,1,朔,朔,,,,,
1137,1,徊,徘徊,,,,,
1137,1,徘,徘徊,,,,,
1137,1,嗜,嗜好,,,,,
1135,1,鍔,鍔,,,,,
1134,1,髷,髷,,,,,
1126,1,駝,駱駝,,,,,
1126,1,駱,駱駝,,,,,
1124,1,麒,麒麟,,,,,
1124,1,楕,楕円,,,,,
1124,1,拵,拵える,,,,,
1123,1,閨,閨,,,,,
1122,2,呵,呵責,啖呵,,,,
1121,2,錫,錫,錫杖,,,,
1120,1,逗,逗留,,,,,
1120,1,糊,糊,,,,,
1120,1,詛,呪詛,,,,,
1116,1,祉,福祉,,,,,
1115,2,詔,詔,詔書,,,,
1114,1,夥,夥しい,,,,,
1110,1,麾,麾下,,,,,
1108,1,窃,窃盗,,,,,
1104,2,托,托す,托鉢,,,,
1104,1,倶,倶楽部,,,,,
1101,2,茅,茅,茅場,,,,
1101,2,誦,暗誦,誦する,,,,
1096,2,猥,卑猥,猥褻,,,,
1090,1,諜,諜報,,,,,
1089,1,蒐,蒐集,,,,,
1088,1,摯,真摯,,,,,
1083,1,屓,贔屓,,,,,
1083,1,贔,贔屓,,,,,
1078,2,綜,錯綜,綜合,,,,
1071,2,酵,酵素,醗酵,,,,
1071,1,戎,戎,,,,,
1069,1,珈,珈琲,,,,,
1069,1,琲,珈琲,,,,,
1066,1,蕾,蕾,,,,,
1066,1,梟,梟,,,,,
1065,1,慾,慾,,,,,
1063,2,溌,活溌,溌剌,,,,
1056,1,蓑,蓑,,,,,
1054,1,涎,涎,,,,,
1048,1,囮,囮,,,,,
1047,2,壱,壱岐,壱,,,,
1045,1,亥,亥,,,,,
1043,2,醸,醸造,醸し出す,,,,
1042,1,痒,痒い,,,,,
1037,1,噤,噤む,,,,,
1036,2,袢,襦袢,長襦袢,,,,
1036,2,襦,襦袢,長襦袢,,,,
1036,2,畿,畿内,近畿,,,,
1035,1,鞋,草鞋,,,,,
1034,2,弊,疲弊,弊害,,,,
1029,1,痢,下痢,,,,,
1026,2,賽,賽銭,賽,,,,
1026,2,籐,籐,籐椅子,,,,
1026,1,蟇,蟇,,,,,
1024,1,麺,麺,,,,,
1023,2,栃,栃木,栃,,,,
1023,1,嶺,嶺,,,,,
1020,2,叙,叙述,叙事詩,,,,
1020,1,儘,我儘,,,,,
1020,1,且,且つ,,,,,
1019,1,鮭,鮭,,,,,
1014,1,堰,堰,,,,,
1013,1,輛,車輛,,,,,
1012,1,蝙,蝙蝠,,,,,
1012,1,蝠,蝙蝠,,,,,
1011,1,猜,猜疑,,,,,
1010,2,睦,和睦,睦,,,,
1010,1,蹂,蹂躙,,,,,
1010,1,躙,蹂躙,,,,,
1008,1,膣,膣,,,,,
1007,1,泌,分泌,,,,,
1005,1,紘,紘子,,,,,
1004,1,填,装填,,,,,
1004,1,厠,厠,,,,,
998,1,涜,冒涜,,,,,
997,2,弔,弔問,弔う,,,,
997,1,彗,彗星,,,,,
996,1,禦,防禦,,,,,
995,1,晰,明晰,,,,,
993,1,鮨,鮨,,,,,
990,1,嘴,嘴,,,,,
989,1,壷,壷,,,,,
988,2,遁,隠遁,遁走,,,,
988,2,哭,慟哭,哭く,,,,
988,1,柑,蜜柑,,,,,
987,1,氾,氾濫,,,,,
987,1,濫,氾濫,,,,,
986,1,嶽,嶽,,,,,
984,1,漲,漲る,,,,,
984,1,扶,扶持,,,,,
983,1,虞,虞,,,,,
982,1,靭,強靭,,,,,
981,1,匙,匙,,,,,
979,1,猊,猊下,,,,,
977,2,罷,罷る,罷免,,,,
977,1,颯,颯爽,,,,,
976,1,卜,卜,,,,,
974,2,醍,後醍醐天皇,醍醐,,,,
974,2,醐,後醍醐天皇,醍醐,,,,
974,1,澱,澱む,,,,,
973,1,鋸,鋸,,,,,
973,1,茄,茄子,,,,,
969,1,綸,経綸,,,,,
960,1,蘆,蘆,,,,,
959,1,辟,辟易,,,,,
953,1,舶,船舶,,,,,
946,1,疵,疵,,,,,
940,1,澹,暗澹,,,,,
932,2,箔,金箔,箔,,,,
932,1,聟,聟,,,,,
931,2,遷,左遷,変遷,,,,
925,1,嬶,嬶,,,,,
924,1,斯,斯く,,,,,
923,1,裔,末裔,,,,,
921,1,茉,茉莉,,,,,
921,1,莉,茉莉,,,,,
920,2,吃,吃驚,吃る,,,,
920,1,鼾,鼾,,,,,
917,1,抛,抛る,,,,,
915,2,滓,残滓,滓,,,,
913,2,狛,狛,狛犬,,,,
912,1,澪,澪,,,,,
911,1,晁,晁,,,,,
909,1,晦,大晦日,,,,,
906,1,櫃,櫃,,,,,
905,1,賠,賠償,,,,,
905,1,傀,傀儡,,,,,
905,1,儡,傀儡,,,,,
903,1,乎,断乎,,,,,
898,1,曝,曝す,,,,,
897,1,騨,飛騨,,,,,
896,1,槙,槙,,,,,
895,1,莱,蓬莱,,,,,
893,1,鉦,鉦,,,,,
889,1,樵,樵,,,,,
888,1,纂,編纂,,,,,
887,1,炒,炒める,,,,,
885,1,餉,夕餉,,,,,
881,1,屠,屠る,,,,,
878,1,泄,排泄,,,,,
874,1,肛,肛門,,,,,
874,1,瞞,欺瞞,,,,,
873,1,跫,跫音,,,,,
873,1,宥,宥める,,,,,
871,1,痰,痰,,,,,
867,1,褌,褌,,,,,
863,1,楢,楢,,,,,
862,1,窯,窯,,,,,
861,1,騾,騾馬,,,,,
861,1,粟,粟,,,,,
861,1,偲,偲ぶ,,,,,
859,1,齧,齧る,,,,,
854,1,蛸,蛸,,,,,
854,1,凭,凭れる,,,,,
853,1,恢,恢復,,,,,
848,1,腋,腋の下,,,,,
847,1,壌,土壌,,,,,
846,1,碌,碌,,,,,
846,1,而,形而上学,,,,,
844,1,鋤,鋤,,,,,
844,1,斡,斡旋,,,,,
840,1,娑,娑婆,,,,,
838,1,褄,辻褄,,,,,
828,1,竈,竈,,,,,
826,1,鉾,鉾,,,,,
824,1,庸,凡庸,,,,,
819,1,窩,眼窩,,,,,
818,1,詭,詭弁,,,,,
815,1,蛭,蛭,,,,,
814,1,擢,抜擢,,,,,
810,2,驕,驕慢,驕る,,,,
810,1,攫,攫う,,,,,
808,1,繃,繃帯,,,,,
807,1,泪,泪,,,,,
806,1,儚,儚い,,,,,
803,1,塹,塹壕,,,,,
800,1,庖,庖丁,,,,,
797,1,焉,終焉,,,,,
796,1,襄,襄,,,,,
796,1,爬,爬虫類,,,,,
796,1,洟,洟,,,,,
787,1,噪,喧噪,,,,,
784,1,奨,奨励,,,,,
776,1,灘,灘,,,,,
775,1,甫,甫,,,,,
773,1,舜,舜,,,,,
771,1,罹,罹る,,,,,
771,1,筵,筵,,,,,
764,1,瓢,瓢箪,,,,,
760,1,轍,轍,,,,,
760,1,煖,煖炉,,,,,
759,1,欅,欅,,,,,
758,1,憬,憧憬,,,,,
755,1,祇,祇園,,,,,
754,1,蝕,蝕む,,,,,
748,1,蹲,蹲る,,,,,
748,1,諧,俳諧,,,,,
746,1,悄,悄然,,,,,
739,1,朕,朕,,,,,
736,1,釧,釧路,,,,,
735,1,涸,涸れる,,,,,
734,1,厖,厖大,,,,,
733,1,鬢,鬢,,,,,
731,1,沓,沓,,,,,
731,1,倹,倹約,,,,,
730,1,禰,美禰子,,,,,
727,1,碓,碓,,,,,
726,1,螢,螢,,,,,
722,1,闖,闖入,,,,,
721,1,厘,厘,,,,,
719,1,饉,飢饉,,,,,
719,1,曽,曽,,,,,
717,1,簪,簪,,,,,
715,1,絢,絢爛,,,,,
712,1,砒,砒素,,,,,
712,1,燗,燗,,,,,
711,1,捺,捺す,,,,,
710,1,墾,開墾,,,,,
707,1,註,註文,,,,,
706,1,磔,磔,,,,,
700,1,朶,耳朶,,,,,
699,1,艮,艮,,,,,
695,1,蚤,蚤,,,,,
694,1,酊,酩酊,,,,,
694,1,酩,酩酊,,,,,
693,1,苺,苺,,,,,
693,1,藉,狼藉,,,,,
687,1,咀,咀嚼,,,,,
687,1,嚼,咀嚼,,,,,
685,1,屹,屹立,,,,,
685,1,呷,呷る,,,,,
678,1,梃,梃,,,,,
676,1,鱒,鱒,,,,,
676,1,攀,登攀,,,,,
673,1,娶,娶る,,,,,
671,1,疇,範疇,,,,,
670,1,栞,栞,,,,,
669,1,囀,囀る,,,,,
666,1,廂,廂,,,,,
666,1,嬰,嬰児,,,,,
666,1,卸,卸す,,,,,
666,1,烹,割烹,,,,,
665,1,彌,彌,,,,,
663,1,蝿,蝿,,,,,
661,1,烙,烙印,,,,,
661,1,匁,匁,,,,,
660,1,莢,薬莢,,,,,
657,1,皐,皐月,,,,,
656,1,硯,硯,,,,,
655,1,蜃,蜃気楼,,,,,
655,1,毬,毬,,,,,
655,1,矩,宗矩,,,,,
651,1,鵞,鵞鳥,,,,,
650,1,虱,虱,,,,,
649,1,瀟,瀟洒,,,,,
649,1,彬,斉彬,,,,,
649,1,懣,憤懣,,,,,
649,1,嬪,別嬪,,,,,
647,1,蛤,蛤,,,,,
647,1,哺,哺乳類,,,,,
643,1,蚣,蜈蚣,,,,,
643,1,蜈,蜈蚣,,,,,
643,1,丙,丙,,,,,
640,1,躓,躓く,,,,,
638,1,谺,谺,,,,,
638,1,渠,渠,,,,,
637,1,仄,仄か,,,,,
633,1,葺,葺く,,,,,
633,1,茹,茹でる,,,,,
630,1,熔,熔岩,,,,,
629,1,褥,褥,,,,,
627,1,喊,喊声,,,,,
626,1,勒,弥勒,,,,,
625,1,矯,矯正,,,,,
624,1,盈,盈,,,,,
622,1,襷,襷,,,,,
622,1,羆,羆,,,,,
621,1,隋,隋,,,,,
619,1,寥,寂寥,,,,,
617,1,萬,萬,,,,,
617,1,廬,廬,,,,,
615,1,竺,天竺,,,,,
614,1,袍,袍,,,,,
614,1,燦,燦然,,,,,
613,1,蝮,蝮,,,,,
611,1,貂,貂,,,,,
610,1,鋲,鋲,,,,,
609,1,盥,盥,,,,,
608,1,誂,誂える,,,,,
608,1,潘,潘,,,,,
608,1,峨,嵯峨,,,,,
608,1,嵯,嵯峨,,,,,
606,1,眞,眞,,,,,
606,1,捌,捌く,,,,,
606,1,崑,崑,,,,,
604,1,邇,久邇,,,,,
601,1,禊,禊,,,,,
600,1,薯,馬鈴薯,,,,,
598,1,筍,筍,,,,,
596,1,累,累,,,,,
595,1,攪,攪乱,,,,,
594,1,廿,廿,,,,,
594,1,圓,圓,,,,,
592,1,黴,黴,,,,,
585,1,姜,生姜,,,,,
582,1,贖,贖罪,,,,,
582,1,憺,惨憺,,,,,
582,1,倖,僥倖,,,,,
582,1,僥,僥倖,,,,,
580,1,蠣,牡蠣,,,,,
579,1,滔,滔々,,,,,
577,1,鼎,鼎,,,,,
577,1,籤,籤,,,,,
575,1,繭,繭,,,,,
575,1,弗,弗,,,,,
573,1,侘,侘しい,,,,,
572,1,逅,邂逅,,,,,
572,1,邂,邂逅,,,,,
571,1,鰐,鰐,,,,,
570,1,蚕,蚕,,,,,
570,1,膿,膿,,,,,
570,1,杞,杞憂,,,,,
568,1,緞,絨緞,,,,,
568,1,熾,熾烈,,,,,
567,1,幇,幇間,,,,,
566,1,簀,簀,,,,,
566,1,樅,樅,,,,,
564,1,飄,飄々,,,,,
563,1,柊,柊,,,,,
563,1,憊,困憊,,,,,
561,1,枷,枷,,,,,
560,1,鮒,鮒,,,,,
560,1,頽,頽廃,,,,,
559,1,酉,酉,,,,,
558,1,彙,語彙,,,,,
557,1,杵,杵,,,,,
556,1,崗,花崗岩,,,,,
556,1,弩,弩,,,,,
555,1,凸,凹凸,,,,,
553,1,湊,湊,,,,,
549,1,謐,静謐,,,,,
549,1,耀,耀子,,,,,
547,1,梳,梳く,,,,,
544,1,炙,炙る,,,,,
543,1,尹,尹,,,,,
543,1,囃,囃す,,,,,
541,1,褻,猥褻,,,,,
540,1,傅,傅,,,,,
538,1,瑙,瑪瑙,,,,,
538,1,瑪,瑪瑙,,,,,
537,1,灸,灸,,,,,
536,1,頗,頗る,,,,,
535,1,魄,気魄,,,,,
532,1,耆,伯耆,,,,,
531,1,艫,艫,,,,,
531,1,梱,梱包,,,,,
531,1,捩,捩る,,,,,
530,1,眷,眷属,,,,,
529,1,繻,繻子,,,,,
528,1,膠,膠着,,,,,
528,1,嵩,嵩,,,,,
527,1,恫,恫喝,,,,,
526,1,慟,慟哭,,,,,
525,1,辷,辷る,,,,,
525,1,湘,湘南,,,,,
523,1,鰯,鰯,,,,,
522,1,羹,羊羹,,,,,
516,1,佑,佑,,,,,
515,1,彿,彷彿,,,,,
515,1,吝,吝嗇,,,,,
515,1,嗇,吝嗇,,,,,
514,1,淘,淘汰,,,,,
512,1,杓,柄杓,,,,,
512,1,捏,捏造,,,,,
511,1,槇,槇,,,,,
510,1,曙,曙,,,,,
506,1,笞,笞,,,,,
503,1,跛,跛,,,,,
502,1,靡,靡く,,,,,
501,1,汀,汀,,,,,
501,1,拮,拮抗,,,,,
499,1,誹,誹謗,,,,,
499,1,謗,誹謗,,,,,
498,1,矜,矜持,,,,,
497,1,腺,腺,,,,,
497,1,皓,皓,,,,,
496,1,鏑,鏑木,,,,,
496,1,輯,編輯,,,,,
496,1,挾,挾む,,,,,
493,1,諷,諷刺,,,,,
493,1,嘱,嘱託,,,,,
490,1,啄,啄木,,,,,
490,1,俸,俸給,,,,,
489,1,賓,賓客,,,,,
488,1,箭,箭,,,,,
487,1,鑼,銅鑼,,,,,
486,1,瀑,瀑布,,,,,
485,1,溯,溯る,,,,,
484,1,碇,碇泊,,,,,
482,1,懊,懊悩,,,,,
479,1,楊,楊貴妃,,,,,
478,1,笈,笈,,,,,
476,1,濛,濛々,,,,,
474,1,斤,斤,,,,,
474,1,劾,弾劾,,,,,
472,1,剌,溌剌,,,,,
471,1,莞,莞爾,,,,,
471,1,誅,天誅,,,,,
470,1,幟,幟,,,,,
469,1,鵡,鸚鵡,,,,,
469,1,鸚,鸚鵡,,,,,
469,1,袷,袷,,,,,
468,1,砥,砥,,,,,
467,1,緬,縮緬,,,,,
465,1,埜,埜々,,,,,
462,1,嬲,嬲る,,,,,
461,1,柘,柘榴,,,,,
460,1,撰,撰,,,,,
459,1,穽,陥穽,,,,,
459,1,牀,牀,,,,,
457,1,鄙,辺鄙,,,,,
457,1,瑶,瑶,,,,,
456,1,靱,強靱,,,,,
454,1,鋳,鋳造,,,,,
454,1,欝,欝,,,,,
453,1,秣,糧秣,,,,,
452,1,曠,曠野,,,,,
450,1,鰊,鰊,,,,,
450,1,璋,璋,,,,,
450,1,棕,棕櫚,,,,,
450,1,櫚,棕櫚,,,,,
449,1,欒,団欒,,,,,
448,1,肇,肇,,,,,
448,1,框,框,,,,,
448,1,掏,掏摸,,,,,
448,1,摸,掏摸,,,,,
446,1,蕗,蕗,,,,,
446,1,悳,悳,,,,,
445,1,鈎,鈎,,,,,
445,1,袱,卓袱台,,,,,
443,1,鎚,鎚,,,,,
443,1,截,直截,,,,,
442,1,燻,燻る,,,,,
442,1,冤,冤罪,,,,,
439,1,樟,樟,,,,,
438,1,菰,菰田,,,,,
438,1,戌,戌,,,,,
437,1,龕,龕,,,,,
437,1,禽,猛禽,,,,,
437,1,烟,烟,,,,,
437,1,楔,楔,,,,,
437,1,縷,一縷,,,,,
436,1,餞,餞別,,,,,
436,1,姥,姥,,,,,
435,1,笊,笊,,,,,
434,1,褸,襤褸,,,,,
434,1,襤,襤褸,,,,,
434,1,砧,砧,,,,,
433,1,嚥,嚥,,,,,
432,1,轡,轡,,,,,
431,1,掩,掩護,,,,,
431,1,塙,塙,,,,,
428,1,獪,老獪,,,,,
427,1,輜,輜重,,,,,
427,1,宍,宍戸,,,,,
426,1,脹,脹れる,,,,,
425,1,餃,餃子,,,,,
425,1,蛆,蛆,,,,,
424,1,葭,葭,,,,,
424,1,栖,有栖川,,,,,
422,1,詈,罵詈,,,,,
422,1,瞰,俯瞰,,,,,
420,1,痔,痔,,,,,
418,1,蓼,蓼,,,,,
418,1,站,兵站,,,,,
417,1,卍,卍,,,,,
415,1,蕪,蕪,,,,,
413,1,縺,縺れる,,,,,
412,1,醗,醗酵,,,,,
412,1,睥,睥睨,,,,,
412,1,帷,帷,,,,,
411,1,凰,鳳凰,,,,,
411,1,怜,怜悧,,,,,
411,1,悧,怜悧,,,,,
409,1,膂,膂力,,,,,
409,1,脊,脊髄,,,,,
408,1,諍,諍い,,,,,
407,1,迭,更迭,,,,,
406,1,蜥,蜥蜴,,,,,
406,1,蜴,蜥蜴,,,,,
406,1,絽,絽,,,,,
404,1,氈,毛氈,,,,,
404,1,槐,槐,,,,,
402,1,鵯,鵯,,,,,
402,1,聾,聾,,,,,
402,1,抒,抒情,,,,,
401,1,焙,焙る,,,,,
401,1,啖,啖呵,,,,,
400,1,擲,投擲,,,,,
400,1,屡,屡々,,,,,
399,1,閏,閏,,,,,
399,1,匈,匈奴,,,,,
397,1,濘,泥濘,,,,,
397,1,搗,搗く,,,,,
395,1,瀚,浩瀚,,,,,